Company_Phone_Number,Created_Date,Violation_Date,Consumer_City,Consumer_State,Consumer_Area_Code,Subject,Recorded_Message_Or_Robocall, Area_Code, Prefix, Day_of_Week, Time
6614511076,2019-12-13 03:38:28,2019-12-12 14:28:00,Fredericksburg,Virginia,339,Medical  & prescriptions,Y,661,451,3,14.47
5187043327,2019-12-13 04:48:30,2019-12-07 12:55:00,,Virginia,703,"Reducing your debt (credit cards, mortgage, student loans)",Y,518,704,5,12.92
5123609801,2019-12-13 06:18:48,2019-12-12 19:19:00,,Virginia,703,No Subject Provided,Y,512,360,3,19.32
8668500262,2019-12-13 06:19:33,2019-12-12 12:46:00,,Virginia,703,No Subject Provided,Y,866,850,3,12.77
7576935121,2019-12-13 06:20:08,2019-12-11 15:56:00,,Virginia,703,No Subject Provided,Y,757,693,2,15.93
2393479298,2019-12-13 06:20:55,2019-12-09 17:50:00,,Virginia,703,No Subject Provided,Y,239,347,0,17.83
2393479298,2019-12-13 06:21:29,2019-12-09 15:02:00,,Virginia,703,No Subject Provided,Y,239,347,0,15.03
9412026818,2019-12-13 06:21:59,2019-12-09 13:58:00,,Virginia,703,No Subject Provided,Y,941,202,0,13.97
2393091365,2019-12-13 06:22:31,2019-12-09 12:18:00,,Virginia,703,No Subject Provided,Y,239,309,0,12.30
8778591146,2019-12-13 06:23:09,2019-12-09 10:22:00,,Virginia,703,No Subject Provided,Y,877,859,0,10.37
2392373989,2019-12-13 06:23:48,2019-12-07 13:58:00,,Virginia,703,No Subject Provided,Y,239,237,5,13.97
2142831316,2019-12-13 06:24:25,2019-12-06 19:38:00,,Virginia,703,No Subject Provided,Y,214,283,4,19.63
8778589914,2019-12-13 06:24:54,2019-12-06 17:07:00,,Virginia,703,No Subject Provided,Y,877,858,4,17.12
5713511520,2019-12-13 06:36:33,2019-12-12 15:00:00,,Virginia,571,Dropped call or no message,N,571,351,3,15.00
5712824003,2019-12-13 06:37:30,2019-12-12 13:01:00,,Virginia,571,Dropped call or no message,N,571,282,3,13.02
5108358440,2019-12-13 07:32:10,2019-12-12 16:08:00,Suffolk,Virginia,757,"Reducing your debt (credit cards, mortgage, student loans)",Y,510,835,3,16.13
5108358440,2019-12-13 07:33:57,2019-12-12 17:26:00,Suffolk,Virginia,757,"Reducing your debt (credit cards, mortgage, student loans)",Y,510,835,3,17.43
5407795832,2019-12-13 07:34:13,2019-12-12 00:00:00,,Virginia,540,Vacation  & timeshares,Y,540,779,3,0.00
5108358440,2019-12-13 07:35:56,2019-12-12 17:27:00,Suffolk,Virginia,757,"Reducing your debt (credit cards, mortgage, student loans)",Y,510,835,3,17.45
5402152160,2019-12-13 07:35:58,2019-12-10 09:11:00,,Virginia,540,Home security  & alarms,Y,540,215,1,9.18
2092850924,2019-12-13 07:40:56,2019-12-12 12:03:00,Luray,Virginia,703,No Subject Provided,Y,209,285,3,12.05
8434838871,2019-12-13 07:42:21,2019-12-12 12:28:00,Luray,Virginia,703,No Subject Provided,Y,843,483,3,12.47
2155830351,2019-12-13 07:43:34,2019-12-12 13:59:00,Luray,Virginia,703,No Subject Provided,Y,215,583,3,13.98
3143754395,2019-12-13 02:36:25,2019-12-13 02:36:25,,Virginia,703,No Subject Provided,N,314,375,4,2.60
8453023603,2019-12-13 03:06:53,2019-12-13 03:06:53,,Virginia,540,No Subject Provided,N,845,302,4,3.10
5408831425,2019-12-13 03:07:42,2019-12-13 03:07:42,,Virginia,540,No Subject Provided,N,540,883,4,3.12
8453023603,2019-12-13 03:08:10,2019-12-13 03:08:10,,Virginia,540,No Subject Provided,N,845,302,4,3.13
7602766292,2019-12-13 03:08:55,2019-12-13 03:08:55,,Virginia,540,No Subject Provided,N,760,276,4,3.13
8453023603,2019-12-13 03:08:33,2019-12-13 03:08:33,,Virginia,540,No Subject Provided,N,845,302,4,3.13
8453023603,2019-12-13 03:09:12,2019-12-13 03:09:12,,Virginia,540,No Subject Provided,N,845,302,4,3.15
7602633999,2019-12-13 03:52:54,2019-12-13 03:52:54,,Virginia,540,No Subject Provided,N,760,263,4,3.87
7602633999,2019-12-13 03:53:26,2019-12-13 03:53:26,,Virginia,540,No Subject Provided,N,760,263,4,3.88
7602633999,2019-12-13 03:53:43,2019-12-13 03:53:43,,Virginia,540,No Subject Provided,N,760,263,4,3.88
8333557887,2019-12-13 08:07:42,2019-09-26 00:00:00,,Virginia,757,No Subject Provided,N,833,355,3,0.00
5075145864,2019-12-13 08:13:05,2019-12-12 19:25:00,,Virginia,703,Other,Y,507,514,3,19.42
5712410375,2019-12-13 08:14:36,2019-12-12 17:00:00,,Virginia,703,Other,Y,571,241,3,17.00
4342543001,2019-12-13 08:15:00,2019-10-01 00:00:00,,Virginia,757,No Subject Provided,N,434,254,1,0.00
8039362635,2019-12-13 08:16:37,2019-12-12 15:46:00,,Virginia,703,Other,Y,803,936,3,15.77
7575138826,2019-12-13 08:21:35,2019-12-13 08:15:00,Suffolk,Virginia,614,No Subject Provided,Y,757,513,4,8.25
7572396652,2019-12-13 08:28:28,2019-10-01 00:00:00,,Virginia,757,No Subject Provided,N,757,239,1,0.00
8003333474,2019-12-13 08:29:02,2019-10-01 00:00:00,,Virginia,757,No Subject Provided,N,800,333,1,0.00
8000313251,2019-12-13 08:30:17,2019-10-07 00:00:00,,Virginia,757,No Subject Provided,N,800,031,0,0.00
5127578187,2019-12-13 08:31:28,2019-10-07 00:00:00,,Virginia,757,No Subject Provided,N,512,757,0,0.00
7577944633,2019-12-13 08:33:56,2019-10-07 00:00:00,,Virginia,757,No Subject Provided,N,757,794,0,0.00
5188960672,2019-12-13 08:34:54,2019-10-12 00:00:00,,Virginia,757,No Subject Provided,N,518,896,5,0.00
7576566205,2019-12-13 08:35:24,2019-10-12 00:00:00,,Virginia,757,No Subject Provided,N,757,656,5,0.00
8003333474,2019-12-13 08:39:00,2019-10-12 00:00:00,,Virginia,757,No Subject Provided,N,800,333,5,0.00
8036792323,2019-12-13 08:39:52,2019-12-12 16:13:00,,Virginia,540,No Subject Provided,N,803,679,3,16.22
7039614798,2019-12-13 08:39:55,2019-12-12 16:53:00,,Virginia,703,No Subject Provided,Y,703,961,3,16.88
4108078754,2019-12-13 08:40:27,2019-12-12 17:18:00,,Virginia,703,Other,Y,410,807,3,17.30
4342543001,2019-12-13 08:41:29,2019-10-12 00:00:00,,Virginia,757,No Subject Provided,N,434,254,5,0.00
7577944633,2019-12-13 08:45:18,2019-10-21 00:00:00,,Virginia,757,No Subject Provided,N,757,794,0,0.00
8153246496,2019-12-13 08:46:56,2019-10-22 00:00:00,,Virginia,757,No Subject Provided,N,815,324,1,0.00
7852845179,2019-12-13 08:48:20,2019-10-22 00:00:00,,Virginia,757,No Subject Provided,N,785,284,1,0.00
8333557887,2019-12-13 08:50:59,2019-10-26 00:00:00,,Virginia,757,No Subject Provided,N,833,355,5,0.00
7577944633,2019-12-13 08:52:50,2019-10-28 00:00:00,,Virginia,757,No Subject Provided,N,757,794,0,0.00
4342044365,2019-12-13 08:55:24,2019-10-22 00:00:00,,Virginia,757,No Subject Provided,N,434,204,1,0.00
6178265304,2019-12-13 08:56:39,2019-10-22 00:00:00,,Virginia,757,No Subject Provided,N,617,826,1,0.00
2763021705,2019-12-13 09:00:06,2019-10-22 00:00:00,,Virginia,757,No Subject Provided,Y,276,302,1,0.00
7724972492,2019-12-13 09:09:05,2019-12-13 09:06:00,HAYMARKET,Virginia,571,No Subject Provided,Y,772,497,4,9.10
8443892220,2019-12-13 09:14:38,2019-12-13 09:10:00,,Virginia,703,"Calls pretending to be government, businesses, or family and friends",Y,844,389,4,9.17
2127520865,2019-12-13 09:15:24,2019-12-12 11:02:00,HAYMARKET,Virginia,571,Other,Y,212,752,3,11.03
8042078602,2019-12-13 09:24:28,2019-12-13 08:40:00,Suffolk,Virginia,757,"Calls pretending to be government, businesses, or family and friends",Y,804,207,4,8.67
9842414505,2019-12-13 09:25:13,2019-12-12 16:16:00,Midlothian,Virginia,804,"Calls pretending to be government, businesses, or family and friends",Y,984,241,3,16.27
7033157560,2019-12-13 09:27:38,2019-12-10 12:29:00,,Virginia,703,No Subject Provided,N,703,315,1,12.48
5409374677,2019-12-13 09:28:56,2019-12-13 09:27:00,,Virginia,571,Warranties  & protection plans,Y,540,937,4,9.45
9525690219,2019-12-13 09:30:05,2019-12-12 18:55:00,,Virginia,703,No Subject Provided,N,952,569,3,18.92
7035845694,2019-12-13 09:31:33,2019-12-13 09:27:00,McLean,Virginia,703,Medical  & prescriptions,Y,703,584,4,9.45
7579773957,2019-12-13 09:34:15,2019-12-13 09:27:00,,Virginia,757,Warranties  & protection plans,Y,757,977,4,9.45
7577218667,2019-12-13 09:35:31,2019-12-13 09:33:00,Hampton,Virginia,757,No Subject Provided,N,757,721,4,9.55
8553353482,2019-12-13 09:36:29,2019-12-13 08:58:00,Chesapeake,Virginia,757,"Calls pretending to be government, businesses, or family and friends",Y,855,335,4,8.97
7034787796,2019-12-13 09:38:15,2019-12-13 09:02:00,Mclean,Virginia,703,"Calls pretending to be government, businesses, or family and friends",Y,703,478,4,9.03
9862000924,2019-12-13 09:44:54,2019-12-13 09:41:00,Springfield,Virginia,703,"Calls pretending to be government, businesses, or family and friends",Y,986,200,4,9.68
5715282002,2019-12-13 09:48:40,2019-12-13 09:41:00,Haymarket,Virginia,571,Other,N,571,528,4,9.68
8552787361,2019-12-13 09:50:28,2019-12-13 09:45:00,,Virginia,804,Other,Y,855,278,4,9.75
7038766598,2019-12-13 09:52:35,2019-12-13 09:34:00,,Virginia,703,No Subject Provided,Y,703,876,4,9.57
5712121522,2019-12-13 09:54:07,2019-12-13 09:40:00,Fairfax,Virginia,571,Home improvement  & cleaning,N,571,212,4,9.67
2766243803,2019-12-13 09:58:48,2019-12-13 09:45:00,Hillsville,Virginia,276,Other,Y,276,624,4,9.75
5402158097,2019-12-13 10:04:23,2019-12-13 09:51:00,Linden,Virginia,540,Warranties  & protection plans,N,540,215,4,9.85
2023010671,2019-12-13 10:04:47,2019-12-13 00:00:00,Williamsburg,Virginia,757,"Calls pretending to be government, businesses, or family and friends",N,202,301,4,0.00
7143865971,2019-12-13 10:06:28,2019-12-13 09:46:00,,Virginia,805,"Calls pretending to be government, businesses, or family and friends",Y,714,386,4,9.77
9862000928,2019-12-13 10:09:32,2019-12-13 09:45:00,Mechanicsville,Virginia,804,"Calls pretending to be government, businesses, or family and friends",Y,986,200,4,9.75
7248621502,2019-12-13 10:09:48,2019-12-13 07:57:00,,Virginia,703,"Calls pretending to be government, businesses, or family and friends",Y,724,862,4,7.95
4174441190,2019-12-13 10:11:31,2019-12-13 05:58:00,Luray,Virginia,703,No Subject Provided,Y,417,444,4,5.97
9862000924,2019-12-13 10:11:33,2019-12-13 10:10:00,,Virginia,703,"Calls pretending to be government, businesses, or family and friends",Y,986,200,4,10.17
4079144006,2019-12-13 10:12:41,2019-12-13 09:45:00,Luray,Virginia,703,No Subject Provided,Y,407,914,4,9.75
2155830351,2019-12-13 10:13:47,2019-12-13 09:46:00,Luray,Virginia,703,No Subject Provided,Y,215,583,4,9.77
4079144006,2019-12-13 10:14:57,2019-12-13 09:51:00,Luray,Virginia,703,No Subject Provided,Y,407,914,4,9.85
4079144006,2019-12-13 10:16:11,2019-12-13 09:59:00,Luray,Virginia,703,No Subject Provided,Y,407,914,4,9.98
5092844252,2019-12-13 10:16:39,2019-12-13 09:59:00,,Virginia,703,"Calls pretending to be government, businesses, or family and friends",Y,509,284,4,9.98
5088888222,2019-12-13 10:17:09,2019-12-13 10:05:00,Luray,Virginia,703,No Subject Provided,Y,508,888,4,10.08
9862000924,2019-12-13 10:17:51,2019-12-13 10:15:00,Arlington,Virginia,703,"Calls pretending to be government, businesses, or family and friends",Y,986,200,4,10.25
9376715940,2019-12-13 10:18:16,2019-12-13 10:09:00,Luray,Virginia,703,No Subject Provided,Y,937,671,4,10.15
9722174132,2019-12-13 10:18:23,2019-12-13 10:16:00,,Virginia,502,Medical  & prescriptions,N,972,217,4,10.27
5092844252,2019-12-13 10:18:34,2019-12-13 09:59:00,,Virginia,703,"Calls pretending to be government, businesses, or family and friends",Y,509,284,4,9.98
2105918443,2019-12-13 10:18:55,2019-12-13 10:15:00,,Virginia,703,"Calls pretending to be government, businesses, or family and friends",Y,210,591,4,10.25
7033501624,2019-12-13 10:20:00,2019-12-13 09:45:00,Fairfax,Virginia,703,No Subject Provided,Y,703,350,4,9.75
4845546593,2019-12-13 10:21:44,2019-12-13 10:19:00,Luray,Virginia,703,No Subject Provided,Y,484,554,4,10.32
5402690327,2019-12-13 10:23:38,2019-12-13 10:16:00,King George,Virginia,540,"Calls pretending to be government, businesses, or family and friends",Y,540,269,4,10.27
7578370186,2019-12-13 10:27:56,2019-12-13 10:15:00,Richmond,Virginia,804,No Subject Provided,Y,757,837,4,10.25
8335706377,2019-12-13 10:30:18,2019-12-13 10:25:00,North Chesterfield,Virginia,804,"Calls pretending to be government, businesses, or family and friends",Y,833,570,4,10.42
7577760746,2019-12-13 10:31:03,2019-12-13 08:59:00,Richmond,Virginia,804,No Subject Provided,N,757,776,4,8.98
7071393946,2019-12-13 10:31:41,2019-12-13 10:30:00,,Virginia,804,No Subject Provided,Y,707,139,4,10.50
3047712895,2019-12-13 10:32:15,2019-12-13 10:27:00,Luray,Virginia,703,No Subject Provided,Y,304,771,4,10.45
7248621502,2019-12-13 10:32:44,2019-12-13 10:08:00,,Virginia,703,"Calls pretending to be government, businesses, or family and friends",Y,724,862,4,10.13
8559133100,2019-12-13 10:33:13,2019-12-13 10:29:00,Luray,Virginia,703,No Subject Provided,Y,855,913,4,10.48
4342292393,2019-12-13 10:33:16,2019-12-13 10:32:00,,Virginia,434,Warranties  & protection plans,Y,434,229,4,10.53
8888880065,2019-12-13 10:36:03,2019-12-13 10:16:00,VIRGINIA BEACH,Virginia,757,"Calls pretending to be government, businesses, or family and friends",Y,888,888,4,10.27
8042075291,2019-12-13 10:38:29,2019-12-13 10:10:00,Stafford,Virginia,703,"Calls pretending to be government, businesses, or family and friends",Y,804,207,4,10.17
8952832070,2019-12-13 10:39:23,2019-12-13 10:34:00,,Virginia,804,Other,Y,895,283,4,10.57
7577130149,2019-12-13 10:45:49,2019-12-13 10:24:00,,Virginia,276,No Subject Provided,N,757,713,4,10.40
6673007883,2019-12-13 10:46:01,2019-12-11 14:00:00,Charlottesville,Virginia,434,"Calls pretending to be government, businesses, or family and friends",Y,667,300,2,14.00
8009260305,2019-12-13 10:46:49,2019-12-09 14:28:00,Virginia Beach,Virginia,757,"Calls pretending to be government, businesses, or family and friends",Y,800,926,0,14.47
5402770438,2019-12-13 10:47:36,2019-12-13 10:31:00,,Virginia,276,No Subject Provided,N,540,277,4,10.52
3364197621,2019-12-13 10:47:37,2019-12-13 10:45:00,,Virginia,276,No Subject Provided,Y,336,419,4,10.75
4349625633,2019-12-13 10:49:10,2019-12-13 10:44:00,Palmyra,Virginia,434,"Reducing your debt (credit cards, mortgage, student loans)",Y,434,962,4,10.73
8772391225,2019-12-13 10:50:13,2019-10-04 00:00:00,,Virginia,757,No Subject Provided,N,877,239,4,0.00
8009033637,2019-12-13 10:50:24,2019-12-13 10:08:00,Falls Church,Virginia,703,Dropped call or no message,Y,800,903,4,10.13
5312014048,2019-12-13 10:50:53,2019-10-04 00:00:00,,Virginia,757,No Subject Provided,Y,531,201,4,0.00
7577760189,2019-12-13 10:50:55,2019-12-13 10:40:00,Richmond,Virginia,804,Medical  & prescriptions,N,757,776,4,10.67
8048063560,2019-12-13 10:52:18,2019-10-04 00:00:00,,Virginia,757,No Subject Provided,N,804,806,4,0.00
7573849447,2019-12-13 10:53:34,2019-10-04 00:00:00,,Virginia,757,No Subject Provided,N,757,384,4,0.00
6193294180,2019-12-13 10:53:46,2019-12-13 10:00:00,Henrico,Virginia,540,Other,Y,619,329,4,10.00
7572605593,2019-12-13 10:54:04,2019-10-04 00:00:00,,Virginia,757,No Subject Provided,N,757,260,4,0.00
5123992286,2019-12-13 10:54:39,2019-10-04 00:00:00,,Virginia,757,No Subject Provided,N,512,399,4,0.00
7573849447,2019-12-13 10:55:10,2019-10-04 00:00:00,,Virginia,757,No Subject Provided,N,757,384,4,0.00
8887221073,2019-12-13 10:56:36,2019-12-13 09:41:00,NORFOLK,Virginia,757,No Subject Provided,N,888,722,4,9.68
9704044275,2019-12-13 10:56:39,2019-10-04 00:00:00,,Virginia,757,No Subject Provided,N,970,404,4,0.00
8042078013,2019-12-13 10:57:02,2019-12-13 10:31:00,,Virginia,804,"Calls pretending to be government, businesses, or family and friends",Y,804,207,4,10.52
7572792393,2019-12-13 10:58:25,2019-12-13 09:25:00,NORFOLK,Virginia,757,No Subject Provided,N,757,279,4,9.42
8002244183,2019-12-13 10:58:29,2019-12-13 10:46:00,Yorktown,Virginia,757,"Calls pretending to be government, businesses, or family and friends",Y,800,224,4,10.77
6182392698,2019-12-13 10:58:42,2019-10-04 00:00:00,,Virginia,757,No Subject Provided,N,618,239,4,0.00
7572803460,2019-12-13 11:00:07,2019-12-13 11:58:00,NORFOLK,Virginia,757,No Subject Provided,N,757,280,4,11.97
7573308894,2019-12-13 11:00:13,2019-10-04 00:00:00,,Virginia,757,No Subject Provided,N,757,330,4,0.00
3146824849,2019-12-13 11:00:49,2019-10-15 00:00:00,,Virginia,757,No Subject Provided,N,314,682,1,0.00
8445560352,2019-12-13 11:01:27,2019-10-15 00:00:00,,Virginia,757,No Subject Provided,N,844,556,1,0.00
7402779558,2019-12-13 11:01:44,2019-12-13 10:42:00,Luray,Virginia,703,No Subject Provided,Y,740,277,4,10.70
6083716666,2019-12-13 11:02:00,2019-10-15 00:00:00,,Virginia,757,No Subject Provided,N,608,371,1,0.00
7276484740,2019-12-13 11:02:55,2019-12-13 10:54:00,Luray,Virginia,703,No Subject Provided,Y,727,648,4,10.90
7573202816,2019-12-13 11:04:22,2019-10-15 00:00:00,,Virginia,757,No Subject Provided,N,757,320,1,0.00
4174441190,2019-12-13 11:04:32,2019-12-13 10:56:00,Luray,Virginia,703,No Subject Provided,Y,417,444,4,10.93
5409088148,2019-12-13 11:06:27,2019-12-13 09:17:00,,Virginia,540,No Subject Provided,N,540,908,4,9.28
4109340096,2019-12-13 11:05:36,2019-10-15 00:00:00,,Virginia,757,No Subject Provided,N,410,934,1,0.00
7402779558,2019-12-13 11:05:45,2019-12-13 10:48:00,Luray,Virginia,703,No Subject Provided,Y,740,277,4,10.80
4052962883,2019-12-13 11:06:35,2019-12-13 08:03:00,,Virginia,434,Other,Y,405,296,4,8.05
4620441583,2019-12-13 11:06:37,2019-12-13 09:37:00,Richmond,Virginia,804,Computer  & technical support,N,462,044,4,9.62
7035845694,2019-12-13 11:07:14,2019-12-13 11:01:00,,Virginia,703,No Subject Provided,N,703,584,4,11.02
2122709193,2019-12-13 11:07:02,2019-12-13 11:03:00,Luray,Virginia,703,No Subject Provided,Y,212,270,4,11.05
8003919055,2019-12-13 11:07:44,2019-12-13 10:57:00,Henrico,Virginia,804,"Calls pretending to be government, businesses, or family and friends",Y,800,391,4,10.95
7071017181,2019-12-13 11:07:48,2019-12-13 11:03:00,,Virginia,804,Other,Y,707,101,4,11.05
9495466541,2019-12-13 11:08:04,2019-12-12 15:51:00,arlington,Virginia,703,"Reducing your debt (credit cards, mortgage, student loans)",N,949,546,3,15.85
5406196412,2019-12-13 11:10:21,2019-12-13 11:07:00,,Virginia,540,Dropped call or no message,Y,540,619,4,11.12
5406071795,2019-12-13 11:11:22,2019-12-13 10:36:00,,Virginia,540,Dropped call or no message,Y,540,607,4,10.60
7573202816,2019-12-13 11:12:28,2019-10-15 00:00:00,,Virginia,757,No Subject Provided,N,757,320,1,0.00
7867892965,2019-12-13 11:13:25,2019-10-15 00:00:00,,Virginia,757,No Subject Provided,N,786,789,1,0.00
9364274648,2019-12-13 11:13:30,2019-12-13 10:50:00,Bristol,Virginia,276,"Calls pretending to be government, businesses, or family and friends",N,936,427,4,10.83
7037751524,2019-12-13 11:14:28,2019-10-15 00:00:00,,Virginia,757,No Subject Provided,N,703,775,1,0.00
7071353763,2019-12-13 11:14:37,2019-12-13 10:30:00,Henrico,Virginia,804,Other,Y,707,135,4,10.50
2024109924,2019-12-13 11:15:04,2019-10-15 00:00:00,,Virginia,757,No Subject Provided,N,202,410,1,0.00
8009033637,2019-12-13 11:15:32,2019-12-13 11:07:00,,Virginia,540,No Subject Provided,Y,800,903,4,11.12
3146824849,2019-12-13 11:15:33,2019-10-15 00:00:00,,Virginia,757,No Subject Provided,N,314,682,1,0.00
7037751525,2019-12-13 11:16:15,2019-10-15 00:00:00,,Virginia,757,No Subject Provided,N,703,775,1,0.00
2023010671,2019-12-13 11:17:46,2019-12-13 10:33:00,Manassas Park,Virginia,757,"Calls pretending to be government, businesses, or family and friends",N,202,301,4,10.55
4348363550,2019-12-13 11:18:25,2019-12-13 11:03:00,Danville,Virginia,434,Other,Y,434,836,4,11.05
6012286778,2019-12-13 11:18:28,2019-10-15 00:00:00,,Virginia,757,No Subject Provided,N,601,228,1,0.00
8007228121,2019-12-13 11:19:26,2019-12-12 11:12:00,Suffolk,Virginia,757,"Calls pretending to be government, businesses, or family and friends",Y,800,722,3,11.20
7037761524,2019-12-13 11:19:59,2019-10-15 00:00:00,,Virginia,757,No Subject Provided,N,703,776,1,0.00
2023010671,2019-12-13 11:20:23,2019-12-13 10:51:00,,Virginia,540,"Calls pretending to be government, businesses, or family and friends",Y,202,301,4,10.85
2402419450,2019-12-13 11:20:35,2019-12-13 10:59:00,Fredericksburg,Virginia,301,"Calls pretending to be government, businesses, or family and friends",Y,240,241,4,10.98
2394713994,2019-12-13 11:20:37,2019-10-15 00:00:00,,Virginia,757,No Subject Provided,N,239,471,1,0.00
8584286045,2019-12-13 11:21:28,2019-10-15 00:00:00,,Virginia,757,No Subject Provided,N,858,428,1,0.00
8138842079,2019-12-13 11:21:38,2019-12-13 11:09:00,Arlington,Virginia,703,Other,N,813,884,4,11.15
7372439845,2019-12-13 11:22:05,2019-12-13 10:43:00,Glen Allen,Virginia,804,"Calls pretending to be government, businesses, or family and friends",Y,737,243,4,10.72
8009405671,2019-12-13 11:22:13,2019-10-15 00:00:00,,Virginia,757,No Subject Provided,N,800,940,1,0.00
8004724495,2019-12-13 11:22:53,2019-12-12 12:50:00,,Virginia,804,"Calls pretending to be government, businesses, or family and friends",Y,800,472,3,12.83
8335872077,2019-12-13 11:22:57,2019-12-13 10:18:00,Richmond,Virginia,804,"Calls pretending to be government, businesses, or family and friends",Y,833,587,4,10.30
7572804418,2019-12-13 11:23:26,2019-10-15 00:00:00,,Virginia,757,No Subject Provided,N,757,280,1,0.00
5409754546,2019-12-13 11:23:49,2019-12-13 11:17:00,Blue Ridge,Virginia,540,Dropped call or no message,Y,540,975,4,11.28
2769522037,2019-12-13 11:24:23,2019-12-13 11:20:00,,Virginia,276,Medical  & prescriptions,N,276,952,4,11.33
5855371899,2019-12-13 11:25:45,2019-12-13 11:15:00,,Virginia,703,Other,Y,585,537,4,11.25
8043225006,2019-12-13 11:26:14,2019-12-13 11:07:00,North Chesterfield,Virginia,804,Other,Y,804,322,4,11.12
8302646369,2019-12-13 11:27:03,2019-12-13 11:20:00,,Virginia,757,"Calls pretending to be government, businesses, or family and friends",N,830,264,4,11.33
9543884439,2019-12-13 11:27:09,2019-12-13 11:18:00,Baskerville,Virginia,434,Medical  & prescriptions,Y,954,388,4,11.30
7035201890,2019-12-13 11:27:24,2019-12-13 11:20:00,Fairfax,Virginia,703,Other,N,703,520,4,11.33
7035469360,2019-12-13 11:27:36,2019-10-15 00:00:00,,Virginia,757,No Subject Provided,N,703,546,1,0.00
8007028668,2019-12-13 11:28:23,2019-12-13 09:39:00,VIRGINIA BEACH,Virginia,757,"Calls pretending to be government, businesses, or family and friends",Y,800,702,4,9.65
7037835608,2019-12-13 11:28:59,2019-07-01 00:00:00,,Virginia,757,No Subject Provided,N,703,783,0,0.00
7071966002,2019-12-13 11:29:16,2019-12-13 00:00:00,Richmond,Virginia,804,"Calls pretending to be government, businesses, or family and friends",Y,707,196,4,0.00
7037835608,2019-12-13 11:29:29,2019-07-01 00:00:00,,Virginia,757,No Subject Provided,N,703,783,0,0.00
8007071487,2019-12-13 11:31:09,2019-12-13 11:23:00,VIRGINIA BEACH,Virginia,757,"Calls pretending to be government, businesses, or family and friends",Y,800,707,4,11.38
5402690327,2019-12-13 11:32:40,2019-12-13 11:22:00,Union Hall,Virginia,540,Dropped call or no message,Y,540,269,4,11.37
8008232318,2019-12-13 11:32:47,2019-12-12 15:05:00,,Virginia,540,No Subject Provided,Y,800,823,3,15.08
8043225006,2019-12-13 11:33:11,2019-12-13 10:26:00,North Chesterfield,Virginia,804,Other,Y,804,322,4,10.43
7035652508,2019-12-13 11:33:18,2019-07-01 00:00:00,,Virginia,757,No Subject Provided,N,703,565,0,0.00
4015193940,2019-12-13 11:33:56,2019-07-01 00:00:00,,Virginia,757,No Subject Provided,N,401,519,0,0.00
7035652508,2019-12-13 11:34:48,2019-07-01 00:00:00,,Virginia,757,No Subject Provided,N,703,565,0,0.00
7573475623,2019-12-13 11:35:50,2019-07-01 00:00:00,,Virginia,757,No Subject Provided,N,757,347,0,0.00
2542210659,2019-12-13 11:35:57,2019-12-13 11:27:00,,Virginia,301,"Calls pretending to be government, businesses, or family and friends",Y,254,221,4,11.45
8043225009,2019-12-13 11:36:29,2019-12-13 09:59:00,North Chesterfield,Virginia,804,Other,Y,804,322,4,9.98
4344714740,2019-12-13 11:36:31,2019-07-01 00:00:00,,Virginia,757,No Subject Provided,N,434,471,0,0.00
7572396652,2019-12-13 11:37:15,2019-07-01 00:00:00,,Virginia,757,No Subject Provided,N,757,239,0,0.00
8335366314,2019-12-13 11:37:59,2019-12-13 11:35:00,Williamsburg,Virginia,757,"Calls pretending to be government, businesses, or family and friends",Y,833,536,4,11.58
8332626808,2019-12-13 11:38:16,2019-07-10 00:00:00,,Virginia,757,No Subject Provided,N,833,262,2,0.00
8043225009,2019-12-13 11:39:36,2019-12-13 11:34:00,North Chesterfield,Virginia,804,Other,Y,804,322,4,11.57
7248621502,2019-12-13 10:34:12,2019-12-13 10:19:00,,Virginia,703,No Subject Provided,Y,724,862,4,10.32
4015193940,2019-12-13 11:39:56,2019-07-11 00:00:00,,Virginia,757,No Subject Provided,N,401,519,3,0.00
4782493288,2019-12-13 11:41:17,2019-12-10 16:59:00,Fairfax,Virginia,703,"Reducing your debt (credit cards, mortgage, student loans)",Y,478,249,1,16.98
8043225006,2019-12-13 11:41:54,2019-12-13 09:38:00,North Chesterfield,Virginia,804,Other,Y,804,322,4,9.63
5403262904,2019-12-13 11:43:02,2019-12-13 11:40:00,,Virginia,540,Warranties  & protection plans,Y,540,326,4,11.67
8042075095,2019-12-13 11:43:39,2019-07-11 00:00:00,,Virginia,757,No Subject Provided,N,804,207,3,0.00
8043225006,2019-12-13 11:44:17,2019-12-12 16:25:00,North Chesterfield,Virginia,804,Other,Y,804,322,3,16.42
5713657401,2019-12-13 11:44:29,2019-12-13 23:42:00,,Virginia,571,"Calls pretending to be government, businesses, or family and friends",N,571,365,4,23.70
7035652508,2019-12-13 11:44:55,2019-07-11 00:00:00,,Virginia,757,No Subject Provided,N,703,565,3,0.00
8007765901,2019-12-13 11:44:58,2019-12-12 11:38:00,,Virginia,757,"Calls pretending to be government, businesses, or family and friends",Y,800,776,3,11.63
7572551827,2019-12-13 11:45:19,2019-07-11 00:00:00,,Virginia,757,No Subject Provided,N,757,255,3,0.00
4434131143,2019-12-13 11:45:32,2019-12-13 11:43:00,chester,Virginia,443,Medical  & prescriptions,N,443,413,4,11.72
7572396652,2019-12-13 11:45:50,2019-07-11 00:00:00,,Virginia,757,No Subject Provided,N,757,239,3,0.00
8042458457,2019-12-13 11:46:06,2019-12-13 11:24:00,Midlothian,Virginia,804,"Calls pretending to be government, businesses, or family and friends",Y,804,245,4,11.40
3235915243,2019-12-13 11:46:16,2019-12-13 11:35:00,,Virginia,571,Other,Y,323,591,4,11.58
8043225006,2019-12-13 11:46:18,2019-12-12 15:57:00,North Chesterfield,Virginia,804,Other,Y,804,322,3,15.95
4434121707,2019-12-13 11:46:20,2019-12-12 16:03:00,chester,Virginia,443,Medical  & prescriptions,N,443,412,3,16.05
4344714740,2019-12-13 11:46:24,2019-07-11 00:00:00,,Virginia,757,No Subject Provided,N,434,471,3,0.00
4434121453,2019-12-13 11:47:04,2019-12-12 13:08:00,chester,Virginia,443,Medical  & prescriptions,N,443,412,3,13.13
4344714740,2019-12-13 11:47:09,2019-07-22 00:00:00,,Virginia,757,No Subject Provided,N,434,471,0,0.00
2765246227,2019-12-13 11:47:09,2019-12-13 11:42:00,,Virginia,804,No Subject Provided,Y,276,524,4,11.70
6232613499,2019-12-13 11:47:23,2019-12-13 11:43:00,Luray,Virginia,703,No Subject Provided,Y,623,261,4,11.72
8005481878,2019-12-13 11:47:24,2019-12-13 11:36:00,virginia Beach,Virginia,757,"Calls pretending to be government, businesses, or family and friends",Y,800,548,4,11.60
7032944106,2019-12-13 11:47:28,2019-12-10 19:17:00,Fairfax,Virginia,703,No Subject Provided,Y,703,294,1,19.28
8043225006,2019-12-13 11:47:35,2019-12-13 11:46:00,North Chesterfield,Virginia,804,Other,Y,804,322,4,11.77
5715265147,2019-12-13 11:48:04,2019-12-04 19:23:00,Midlothian,Virginia,804,Charities,Y,571,526,2,19.38
8442326582,2019-12-13 11:48:30,2019-07-22 00:00:00,,Virginia,757,No Subject Provided,N,844,232,0,0.00
8043225006,2019-12-13 11:48:56,2019-12-12 15:17:00,North Chesterfield,Virginia,804,Other,Y,804,322,3,15.28
9842050443,2019-12-13 11:49:34,2019-07-23 00:00:00,,Virginia,757,No Subject Provided,N,984,205,1,0.00
7352719201,2019-12-13 11:49:42,2019-12-13 11:43:00,Virginia Beach,Virginia,844,Medical  & prescriptions,Y,735,271,4,11.72
8007586794,2019-12-13 11:49:49,2019-12-13 09:54:00,,Virginia,757,"Calls pretending to be government, businesses, or family and friends",Y,800,758,4,9.90
7035972647,2019-12-13 11:49:57,2019-12-13 11:47:00,haymarket,Virginia,703,Other,Y,703,597,4,11.78
8043225006,2019-12-13 11:50:08,2019-12-12 12:50:00,North Chesterfield,Virginia,804,Other,Y,804,322,3,12.83
8017702836,2019-12-13 11:50:33,2019-07-23 00:00:00,,Virginia,757,No Subject Provided,N,801,770,1,0.00
2122709193,2019-12-13 11:50:45,2019-12-13 11:49:00,Luray,Virginia,703,No Subject Provided,Y,212,270,4,11.82
5012146890,2019-12-13 11:51:10,2019-07-23 00:00:00,,Virginia,757,No Subject Provided,N,501,214,1,0.00
8007123239,2019-12-13 11:51:26,2019-12-12 16:06:00,Woodbridge,Virginia,703,Dropped call or no message,N,800,712,3,16.10
4342543001,2019-12-13 11:51:38,2019-07-23 00:00:00,,Virginia,757,No Subject Provided,N,434,254,1,0.00
8042864895,2019-12-13 11:51:49,2019-12-12 11:07:00,North Chesterfield,Virginia,804,Other,Y,804,286,3,11.12
2192151796,2019-12-13 11:51:50,2019-12-13 11:45:00,ROANOKE,Virginia,540,No Subject Provided,Y,219,215,4,11.75
4342543001,2019-12-13 11:52:09,2019-07-23 00:00:00,,Virginia,757,No Subject Provided,N,434,254,1,0.00
9862000924,2019-12-13 11:52:28,2019-12-13 10:15:00,Herndon,Virginia,703,"Calls pretending to be government, businesses, or family and friends",Y,986,200,4,10.25
7572396652,2019-12-13 11:52:35,2019-07-23 00:00:00,,Virginia,757,No Subject Provided,N,757,239,1,0.00
8043578769,2019-12-13 11:53:14,2019-12-13 11:27:00,,Virginia,804,Home improvement  & cleaning,N,804,357,4,11.45
5713425250,2019-12-13 11:53:25,2019-12-12 15:08:00,Woodbridge,Virginia,703,Dropped call or no message,N,571,342,3,15.13
8042864895,2019-12-13 11:53:27,2019-12-12 10:07:00,North Chesterfield,Virginia,804,Other,Y,804,286,3,10.12
8000068823,2019-12-13 11:54:32,2019-12-13 11:24:00,virginia beach,Virginia,757,Other,Y,800,006,4,11.40
7573406073,2019-12-13 11:54:41,2019-07-23 00:00:00,,Virginia,757,No Subject Provided,N,757,340,1,0.00
8005188264,2019-12-13 11:55:02,2019-12-13 11:36:00,Woodbridge,Virginia,703,Dropped call or no message,N,800,518,4,11.60
8042864895,2019-12-13 11:55:17,2019-12-12 09:49:00,North Chesterfield,Virginia,804,Other,Y,804,286,3,9.82
7039368604,2019-12-13 11:56:47,2019-12-13 10:34:00,Woodbridge,Virginia,703,Dropped call or no message,N,703,936,4,10.57
8507538905,2019-12-13 11:57:19,2019-12-11 11:28:00,North Chesterfield,Virginia,804,No Subject Provided,N,850,753,2,11.47
8048187143,2019-12-13 11:59:00,2019-12-11 10:37:00,North Chesterfield,Virginia,804,Other,Y,804,818,2,10.62
2312471059,2019-12-13 11:59:25,2019-12-13 11:53:00,McLean,Virginia,702,"Reducing your debt (credit cards, mortgage, student loans)",Y,231,247,4,11.88
8886802791,2019-12-13 12:00:31,2019-12-13 11:53:00,McLean,Virginia,702,"Reducing your debt (credit cards, mortgage, student loans)",Y,888,680,4,11.88
8048187143,2019-12-13 12:00:34,2019-12-11 09:32:00,North Chesterfield,Virginia,804,Other,Y,804,818,2,9.53
8007880742,2019-12-13 12:00:41,2019-12-13 11:50:00,Glen Allen,Virginia,804,"Calls pretending to be government, businesses, or family and friends",Y,800,788,4,11.83
8559133100,2019-12-13 12:00:56,2019-12-13 11:58:00,Luray,Virginia,703,No Subject Provided,Y,855,913,4,11.97
8335144414,2019-12-13 12:01:03,2019-12-13 11:52:00,,Virginia,804,"Calls pretending to be government, businesses, or family and friends",Y,833,514,4,11.87
7035845694,2019-12-13 12:01:16,2019-12-13 11:51:00,,Virginia,703,Dropped call or no message,N,703,584,4,11.85
7035365191,2019-12-13 12:01:33,2019-12-13 11:01:00,Arlington,Virginia,703,Medical  & prescriptions,Y,703,536,4,11.02
2134576396,2019-12-13 12:02:06,2019-12-12 00:00:00,McLean,Virginia,702,No Subject Provided,Y,213,457,3,0.00
8048187143,2019-12-13 12:02:42,2019-12-10 16:40:00,North Chesterfield,Virginia,804,Other,Y,804,818,1,16.67
2192471269,2019-12-13 12:03:44,2019-12-13 11:53:00,McLean,Virginia,702,"Reducing your debt (credit cards, mortgage, student loans)",Y,219,247,4,11.88
8048187143,2019-12-13 12:04:26,2019-12-10 15:51:00,North Chesterfield,Virginia,804,Other,Y,804,818,1,15.85
8335071881,2019-12-13 12:05:29,2019-12-13 11:54:00,,Virginia,804,"Calls pretending to be government, businesses, or family and friends",Y,833,507,4,11.90
8048187143,2019-12-13 12:05:30,2019-12-10 15:10:00,North Chesterfield,Virginia,804,Other,Y,804,818,1,15.17
5407747436,2019-12-13 12:06:05,2019-12-13 11:47:00,,Virginia,540,No Subject Provided,Y,540,774,4,11.78
7573475185,2019-12-13 12:06:51,2019-12-13 10:41:00,windsor,Virginia,757,Dropped call or no message,Y,757,347,4,10.68
8048187143,2019-12-13 12:07:00,2019-12-10 14:27:00,North Chesterfield,Virginia,804,Other,Y,804,818,1,14.45
8882966158,2019-12-13 12:07:35,2019-12-13 00:00:00,,Virginia,540,"Calls pretending to be government, businesses, or family and friends",Y,888,296,4,0.00
5408831425,2019-12-13 12:08:00,2019-12-13 12:04:00,ELLISTON,Virginia,540,"Reducing your debt (credit cards, mortgage, student loans)",N,540,883,4,12.07
8662028745,2019-12-13 12:08:37,2019-12-10 12:48:00,North Chesterfield,Virginia,804,No Subject Provided,N,866,202,1,12.80
7572604767,2019-12-13 12:09:26,2019-12-12 13:34:00,windsor,Virginia,757,No Subject Provided,Y,757,260,3,13.57
8663132533,2019-12-13 12:09:36,2019-12-13 10:43:00,Richmond,Virginia,804,"Calls pretending to be government, businesses, or family and friends",Y,866,313,4,10.72
8048187143,2019-12-13 12:10:12,2019-12-10 12:15:00,North Chesterfield,Virginia,804,Other,Y,804,818,1,12.25
5108358440,2019-12-13 12:10:21,2019-12-13 11:55:00,Suffolk,Virginia,757,No Subject Provided,Y,510,835,4,11.92
8048187143,2019-12-13 12:11:25,2019-12-10 11:27:00,North Chesterfield,Virginia,804,Other,Y,804,818,1,11.45
5108358440,2019-12-13 12:11:41,2019-12-13 12:01:00,Suffolk,Virginia,757,No Subject Provided,Y,510,835,4,12.02
7572604767,2019-12-13 12:11:49,2019-12-12 09:16:00,windsor,Virginia,757,No Subject Provided,Y,757,260,3,9.27
8048187143,2019-12-13 12:12:37,2019-12-10 11:03:00,North Chesterfield,Virginia,804,Other,Y,804,818,1,11.05
2762517384,2019-12-13 12:13:12,2019-12-13 12:00:00,Dublin,Virginia,540,"Reducing your debt (credit cards, mortgage, student loans)",Y,276,251,4,12.00
8881233445,2019-12-13 12:13:24,2019-12-13 12:11:00,,Virginia,540,Dropped call or no message,Y,888,123,4,12.18
8048187143,2019-12-13 12:13:48,2019-12-10 10:37:00,North Chesterfield,Virginia,804,Other,Y,804,818,1,10.62
7574323484,2019-12-13 12:14:07,2019-12-12 09:06:00,windsor,Virginia,757,No Subject Provided,Y,757,432,3,9.10
8881233445,2019-12-13 12:14:21,2019-12-12 11:57:00,Newport News,Virginia,757,Other,N,888,123,3,11.95
7039722063,2019-12-13 12:14:26,2019-12-13 11:36:00,Alexandria,Virginia,800,Warranties  & protection plans,Y,703,972,4,11.60
8048187143,2019-12-13 12:14:55,2019-12-10 09:18:00,North Chesterfield,Virginia,804,Other,Y,804,818,1,9.30
8007362166,2019-12-13 12:15:20,2019-12-13 12:11:00,,Virginia,757,"Calls pretending to be government, businesses, or family and friends",Y,800,736,4,12.18
8048187143,2019-12-13 12:16:09,2019-12-09 13:59:00,North Chesterfield,Virginia,804,Other,Y,804,818,0,13.98
4174441190,2019-12-13 12:16:33,2019-12-13 12:15:00,Luray,Virginia,703,No Subject Provided,Y,417,444,4,12.25
7573000688,2019-12-13 12:16:43,2019-12-11 18:13:00,windsor,Virginia,757,No Subject Provided,Y,757,300,2,18.22
8007362166,2019-12-13 12:16:54,2019-12-13 12:11:00,,Virginia,757,"Calls pretending to be government, businesses, or family and friends",Y,800,736,4,12.18
8048187143,2019-12-13 12:17:17,2019-12-09 13:34:00,North Chesterfield,Virginia,804,Other,Y,804,818,0,13.57
8048187143,2019-12-13 12:18:29,2019-12-09 12:59:00,North Chesterfield,Virginia,804,Other,Y,804,818,0,12.98
7577607226,2019-12-13 12:18:44,2019-12-11 14:47:00,windsor,Virginia,757,No Subject Provided,Y,757,760,2,14.78
7573106134,2019-12-13 12:19:49,2019-12-13 12:00:00,NEWPORT NEWS,Virginia,757,"Calls pretending to be government, businesses, or family and friends",Y,757,310,4,12.00
8042939678,2019-12-13 12:19:49,2019-12-08 17:46:00,North Chesterfield,Virginia,804,No Subject Provided,N,804,293,6,17.77
5403499129,2019-12-13 12:20:31,2019-12-13 11:30:00,Stephens city,Virginia,540,Other,Y,540,349,4,11.50
7575271048,2019-12-13 12:21:09,2019-12-11 11:36:00,windsor,Virginia,757,No Subject Provided,Y,757,527,2,11.60
8437220400,2019-12-13 12:21:21,2019-12-13 12:14:00,Chester,Virginia,804,Computer  & technical support,Y,843,722,4,12.23
9892147806,2019-12-13 12:21:23,2019-12-13 11:24:00,Midlothian,Virginia,804,Warranties  & protection plans,Y,989,214,4,11.40
7576073011,2019-12-13 12:23:23,2019-12-10 17:59:00,windsor,Virginia,757,No Subject Provided,Y,757,607,1,17.98
7577607202,2019-12-13 12:25:02,2019-12-10 17:55:00,windsor,Virginia,757,No Subject Provided,Y,757,760,1,17.92
5712844579,2019-12-13 12:25:17,2019-12-13 12:22:00,Haymarket,Virginia,571,Other,Y,571,284,4,12.37
8335583152,2019-12-13 12:25:43,2019-12-13 11:16:00,,Virginia,804,"Calls pretending to be government, businesses, or family and friends",Y,833,558,4,11.27
7572792393,2019-12-13 12:25:45,2019-12-13 11:45:00,Norfolk,Virginia,757,Medical  & prescriptions,Y,757,279,4,11.75
7034230558,2019-12-13 12:26:15,2019-12-13 12:24:00,Luray,Virginia,703,No Subject Provided,Y,703,423,4,12.40
8335301969,2019-12-13 12:26:34,2019-12-13 12:20:00,,Virginia,804,"Calls pretending to be government, businesses, or family and friends",Y,833,530,4,12.33
5406874142,2019-12-13 12:27:12,2019-12-12 12:25:00,,Virginia,540,Warranties  & protection plans,Y,540,687,3,12.42
8045852210,2019-12-13 12:27:27,2019-12-06 16:40:00,North Chesterfield,Virginia,804,Other,Y,804,585,4,16.67
5125482796,2019-12-13 12:28:27,2019-12-13 12:20:00,,Virginia,434,Other,N,512,548,4,12.33
8004661509,2019-12-13 12:30:24,2019-12-13 00:21:00,,Virginia,757,"Calls pretending to be government, businesses, or family and friends",Y,800,466,4,0.35
5108358440,2019-12-13 12:30:24,2019-12-13 12:21:00,Suffolk,Virginia,757,No Subject Provided,Y,510,835,4,12.35
8000078239,2019-12-13 12:31:56,2019-12-13 10:10:00,,Virginia,804,"Calls pretending to be government, businesses, or family and friends",Y,800,007,4,10.17
5108358440,2019-12-13 12:35:22,2019-12-13 12:32:00,Suffolk,Virginia,757,No Subject Provided,Y,510,835,4,12.53
8045852210,2019-12-13 12:38:31,2019-12-06 15:17:00,North Chesterfield,Virginia,804,Other,Y,804,585,4,15.28
8045852210,2019-12-13 12:39:52,2019-12-06 12:18:00,North Chesterfield,Virginia,804,Other,Y,804,585,4,12.30
8044821134,2019-12-13 12:40:44,2019-12-13 12:38:00,North Chesterfield,Virginia,804,Warranties  & protection plans,Y,804,482,4,12.63
8045852210,2019-12-13 12:41:02,2019-12-06 11:51:00,North Chesterfield,Virginia,804,Other,Y,804,585,4,11.85
7578994294,2019-12-13 12:41:46,2019-12-13 12:38:00,NORFOLK,Virginia,757,"Calls pretending to be government, businesses, or family and friends",Y,757,899,4,12.63
8045852210,2019-12-13 12:41:58,2019-12-06 11:06:00,North Chesterfield,Virginia,804,Other,Y,804,585,4,11.10
8045852210,2019-12-13 12:43:12,2019-12-06 09:19:00,North Chesterfield,Virginia,804,Other,Y,804,585,4,9.32
4102460117,2019-12-13 12:44:08,2019-12-13 12:38:00,NORFOLK,Virginia,757,No Subject Provided,Y,410,246,4,12.63
9714245887,2019-12-13 12:44:32,2019-12-13 12:41:00,Luray,Virginia,703,No Subject Provided,Y,971,424,4,12.68
8049395138,2019-12-13 12:44:49,2019-11-30 14:19:00,North Chesterfield,Virginia,804,No Subject Provided,N,804,939,5,14.32
5712629992,2019-12-13 12:45:47,2019-12-13 12:42:00,,Virginia,571,Dropped call or no message,Y,571,262,4,12.70
5712625850,2019-12-13 12:46:31,2019-12-12 12:34:00,,Virginia,571,Dropped call or no message,Y,571,262,3,12.57
3045997034,2019-12-13 12:47:14,2019-12-11 11:49:00,,Virginia,571,Dropped call or no message,Y,304,599,2,11.82
9312531195,2019-12-13 12:47:54,2019-12-06 08:07:00,,Virginia,571,Medical  & prescriptions,N,931,253,4,8.12
8042503908,2019-12-13 12:50:57,2019-12-13 12:44:00,North Chesterfield,Virginia,804,Other,Y,804,250,4,12.73
2028998756,2019-12-13 12:52:00,2019-12-13 12:50:00,Luray,Virginia,703,No Subject Provided,Y,202,899,4,12.83
8335865306,2019-12-13 12:53:19,2019-12-13 09:00:00,,Virginia,804,"Calls pretending to be government, businesses, or family and friends",Y,833,586,4,9.00
7071677240,2019-12-13 13:00:13,2019-12-13 12:48:00,Chester,Virginia,804,"Calls pretending to be government, businesses, or family and friends",N,707,167,4,12.80
8324292596,2019-12-13 13:00:34,2019-12-13 11:00:00,FAIRFAX STATION,Virginia,703,"Calls pretending to be government, businesses, or family and friends",Y,832,429,4,11.00
8662605778,2019-12-13 13:01:05,2019-12-13 00:00:00,Virginia Beach,Virginia,773,"Calls pretending to be government, businesses, or family and friends",Y,866,260,4,0.00
8001491941,2019-12-13 13:01:24,2019-12-13 11:20:00,,Virginia,804,No Subject Provided,Y,800,149,4,11.33
8000934014,2019-12-13 13:01:57,2019-12-13 12:33:00,,Virginia,804,No Subject Provided,Y,800,093,4,12.55
5056669632,2019-12-13 13:03:23,2019-12-13 00:59:00,Round Hill,Virginia,703,"Calls pretending to be government, businesses, or family and friends",Y,505,666,4,0.98
5402723136,2019-12-13 13:03:46,2019-12-13 12:59:00,Remington,Virginia,540,"Reducing your debt (credit cards, mortgage, student loans)",Y,540,272,4,12.98
2762420049,2019-12-13 11:10:54,2019-12-11 09:47:00,,Virginia,703,No Subject Provided,N,276,242,2,9.78
8663914739,2019-12-13 11:23:08,2019-12-13 11:11:00,,Virginia,540,No Subject Provided,N,866,391,4,11.18
5407724834,2019-12-13 11:28:36,2019-12-13 11:12:00,,Virginia,540,No Subject Provided,Y,540,772,4,11.20
8002163325,2019-12-13 11:54:47,2019-12-13 00:00:00,,Virginia,757,No Subject Provided,Y,800,216,4,0.00
8002581125,2019-12-13 13:04:11,2019-12-13 00:03:00,,Virginia,703,No Subject Provided,Y,800,258,4,0.05
8043012543,2019-12-13 13:04:49,2019-12-13 13:00:00,HENRICO,Virginia,804,Other,Y,804,301,4,13.00
8662605778,2019-12-13 13:04:51,2019-12-13 09:30:00,Richmond,Virginia,804,"Calls pretending to be government, businesses, or family and friends",Y,866,260,4,9.50
9293149327,2019-12-13 13:05:22,2019-12-13 13:05:00,,Virginia,703,Other,N,929,314,4,13.08
8043918648,2019-12-13 13:06:32,2019-12-13 12:48:00,,Virginia,804,"Calls pretending to be government, businesses, or family and friends",Y,804,391,4,12.80
8778597993,2019-12-13 13:06:33,2019-12-13 10:12:00,Richmond,Virginia,804,No Subject Provided,Y,877,859,4,10.20
4063504442,2019-12-13 13:08:35,2019-12-12 13:02:00,Richmond,Virginia,804,No Subject Provided,Y,406,350,3,13.03
7579224853,2019-12-13 13:11:50,2019-12-13 13:04:00,Clarksville,Virginia,757,"Reducing your debt (credit cards, mortgage, student loans)",N,757,922,4,13.07
7573011033,2019-12-13 13:13:19,2019-12-13 12:07:00,Portsmouth,Virginia,757,Dropped call or no message,N,757,301,4,12.12
3025670966,2019-12-13 13:13:46,2019-12-13 13:12:00,Virginia Beach,Virginia,757,No Subject Provided,N,302,567,4,13.20
9193751112,2019-12-13 13:14:03,2019-12-13 13:06:00,Richmond,Virginia,804,Other,Y,919,375,4,13.10
8002752273,2019-12-13 13:15:31,2019-12-13 13:10:00,Richmond,Virginia,804,Computer  & technical support,Y,800,275,4,13.17
2127869730,2019-12-13 13:15:55,2019-12-13 13:06:00,Luray,Virginia,703,No Subject Provided,Y,212,786,4,13.10
6467557040,2019-12-13 13:17:44,2019-12-13 13:00:00,,Virginia,702,"Calls pretending to be government, businesses, or family and friends",Y,646,755,4,13.00
6467557040,2019-12-13 13:19:56,2019-12-13 13:00:00,,Virginia,702,"Calls pretending to be government, businesses, or family and friends",Y,646,755,4,13.00
8662869698,2019-12-13 13:20:03,2019-12-13 11:45:00,Sterling,Virginia,703,"Calls pretending to be government, businesses, or family and friends",Y,866,286,4,11.75
8006831057,2019-12-13 13:21:12,2019-12-12 14:05:00,,Virginia,757,"Calls pretending to be government, businesses, or family and friends",Y,800,683,3,14.08
8558028000,2019-12-13 13:21:25,2019-12-13 13:15:00,Mechanicaville,Virginia,804,Other,Y,855,802,4,13.25
8045408102,2019-12-13 13:23:04,2019-12-13 13:18:00,Lanexa,Virginia,804,"Reducing your debt (credit cards, mortgage, student loans)",Y,804,540,4,13.30
5402157536,2019-12-13 13:23:04,2019-12-10 13:19:00,Linden,Virginia,540,Vacation  & timeshares,N,540,215,1,13.32
9032707531,2019-12-13 13:24:36,2019-12-13 00:56:00,Leesburg,Virginia,410,"Calls pretending to be government, businesses, or family and friends",N,903,270,4,0.93
8443892220,2019-12-13 13:28:38,2019-12-13 11:29:00,Springfield,Virginia,703,"Calls pretending to be government, businesses, or family and friends",Y,844,389,4,11.48
7034251054,2019-12-13 13:29:41,2019-12-12 09:44:00,,Virginia,703,Dropped call or no message,Y,703,425,3,9.73
5312069113,2019-12-13 13:32:30,2019-12-12 19:00:00,Henrico,Virginia,804,"Calls pretending to be government, businesses, or family and friends",Y,531,206,3,19.00
4102460117,2019-12-13 13:33:34,2019-12-13 12:35:00,,Virginia,703,Charities,Y,410,246,4,12.58
8558028000,2019-12-13 13:37:13,2019-12-13 13:32:00,,Virginia,757,"Calls pretending to be government, businesses, or family and friends",Y,855,802,4,13.53
7039426109,2019-12-13 13:39:27,2019-12-13 10:45:00,Fairfax,Virginia,703,No Subject Provided,N,703,942,4,10.75
8146674520,2019-12-13 13:39:48,2019-12-06 11:24:00,,Virginia,571,"Calls pretending to be government, businesses, or family and friends",Y,814,667,4,11.40
9044810841,2019-12-13 13:41:42,2019-12-13 01:34:00,Arlington,Virginia,307,"Calls pretending to be government, businesses, or family and friends",Y,904,481,4,1.57
7038938509,2019-12-13 13:42:40,2019-12-13 12:30:00,,Virginia,703,"Reducing your debt (credit cards, mortgage, student loans)",Y,703,893,4,12.50
7572948849,2019-12-13 13:42:49,2019-12-09 11:11:00,,Virginia,804,Other,Y,757,294,0,11.18
2062377187,2019-12-13 13:43:55,2019-12-13 13:10:00,Richmond,Virginia,804,Medical  & prescriptions,N,206,237,4,13.17
8003896967,2019-12-13 13:44:04,2019-12-13 12:36:00,,Virginia,804,No Subject Provided,Y,800,389,4,12.60
5714821090,2019-12-13 13:44:54,2019-11-26 17:20:00,Gainesville,Virginia,716,Other,N,571,482,1,17.33
8002882020,2019-12-13 13:46:57,2019-12-13 13:09:00,Vienna,Virginia,703,Dropped call or no message,Y,800,288,4,13.15
5409299853,2019-12-13 13:48:36,2019-12-13 13:20:00,,Virginia,540,Other,N,540,929,4,13.33
5402771953,2019-12-13 13:51:11,2019-12-11 11:56:00,,Virginia,804,No Subject Provided,N,540,277,2,11.93
7036231258,2019-12-13 13:50:45,2019-12-13 13:44:00,,Virginia,703,Warranties  & protection plans,Y,703,623,4,13.73
8043918563,2019-12-13 13:52:48,2019-12-13 11:36:00,,Virginia,804,"Calls pretending to be government, businesses, or family and friends",Y,804,391,4,11.60
8007745985,2019-12-13 13:53:33,2019-12-13 13:47:00,,Virginia,804,No Subject Provided,Y,800,774,4,13.78
8047398656,2019-12-13 13:58:26,2019-12-12 11:58:00,,Virginia,804,No Subject Provided,Y,804,739,3,11.97
2025654775,2019-12-13 14:00:35,2019-12-13 13:46:00,Luray,Virginia,703,No Subject Provided,Y,202,565,4,13.77
5717818107,2019-12-13 14:00:59,2019-12-13 13:53:00,Haymarket,Virginia,571,No Subject Provided,N,571,781,4,13.88
7039368633,2019-12-13 14:06:24,2019-12-13 13:31:00,,Virginia,703,Dropped call or no message,N,703,936,4,13.52
8048674883,2019-12-13 14:08:11,2019-12-13 12:50:00,Petersburg,Virginia,804,Medical  & prescriptions,Y,804,867,4,12.83
8002446562,2019-12-13 14:08:39,2019-12-13 13:48:00,Newport News,Virginia,757,No Subject Provided,N,800,244,4,13.80
8772639914,2019-12-13 14:08:41,2019-12-13 15:15:00,Locust Grove,Virginia,703,Vacation  & timeshares,Y,877,263,4,15.25
6083716666,2019-12-13 14:08:52,2019-12-13 14:00:00,Fairfax,Virginia,703,Home improvement  & cleaning,N,608,371,4,14.00
8008073068,2019-12-13 14:09:38,2019-12-13 14:05:00,Suffolk,Virginia,757,"Reducing your debt (credit cards, mortgage, student loans)",Y,800,807,4,14.08
4062262054,2019-12-13 14:10:16,2019-12-13 13:07:00,Petersburg,Virginia,804,Warranties  & protection plans,Y,406,226,4,13.12
8042518204,2019-12-13 14:11:44,2019-12-13 13:52:00,Henrico,Virginia,804,Warranties  & protection plans,Y,804,251,4,13.87
4707224088,2019-12-13 14:11:46,2019-12-13 11:41:00,Alexandria,Virginia,703,Other,N,470,722,4,11.68
8008459693,2019-12-13 14:13:18,2019-12-13 09:46:00,Chesapeake,Virginia,757,"Calls pretending to be government, businesses, or family and friends",Y,800,845,4,9.77
8042418204,2019-12-13 14:17:00,2019-12-13 06:00:00,RICHMOND,Virginia,804,Warranties  & protection plans,Y,804,241,4,6.00
2023014131,2019-12-13 14:20:37,2019-12-13 13:01:00,,Virginia,206,"Calls pretending to be government, businesses, or family and friends",N,202,301,4,13.02
7071330388,2019-12-13 14:24:11,2019-12-12 12:14:00,,Virginia,804,"Calls pretending to be government, businesses, or family and friends",Y,707,133,3,12.23
2024955832,2019-12-13 14:25:51,2019-12-13 09:05:00,Alexandria,Virginia,703,No Subject Provided,Y,202,495,4,9.08
5163736291,2019-12-13 14:26:23,2019-12-13 14:20:00,Luray,Virginia,540,Other,Y,516,373,4,14.33
5402921344,2019-12-13 14:27:57,2019-12-13 14:25:00,Alexandria,Virginia,540,Warranties  & protection plans,Y,540,292,4,14.42
8307581505,2019-12-13 14:29:18,2019-12-13 13:00:00,Charlottesville,Virginia,434,Computer  & technical support,N,830,758,4,13.00
5162562288,2019-12-13 14:35:06,2019-12-13 14:30:00,Troutville,Virginia,540,Warranties  & protection plans,Y,516,256,4,14.50
8663843084,2019-12-13 14:36:44,2019-12-13 14:00:00,,Virginia,757,Other,N,866,384,4,14.00
8000438082,2019-12-13 14:37:00,2019-12-13 14:30:00,,Virginia,757,"Calls pretending to be government, businesses, or family and friends",Y,800,043,4,14.50
8003034632,2019-12-13 14:37:29,2019-12-13 13:14:00,,Virginia,757,"Calls pretending to be government, businesses, or family and friends",Y,800,303,4,13.23
3365888030,2019-12-13 14:39:45,2019-12-13 14:36:00,Arlington,Virginia,317,Medical  & prescriptions,N,336,588,4,14.60
8663843084,2019-12-13 14:43:55,2019-12-13 14:03:00,,Virginia,757,"Calls pretending to be government, businesses, or family and friends",Y,866,384,4,14.05
8004842696,2019-12-13 14:49:14,2019-12-13 14:47:00,,Virginia,540,Dropped call or no message,Y,800,484,4,14.78
7576131447,2019-12-13 14:52:18,2019-12-13 14:47:00,Chesapeake,Virginia,757,Home security  & alarms,N,757,613,4,14.78
8001314863,2019-12-13 14:59:59,2019-12-13 15:00:00,Stuart,Virginia,276,Computer  & technical support,Y,800,131,4,15.00
2762446726,2019-12-13 15:02:13,2019-12-06 09:16:00,Wytheville,Virginia,276,No Subject Provided,Y,276,244,4,9.27
8164204632,2019-12-13 15:02:48,2019-12-13 13:31:00,,Virginia,757,No Subject Provided,N,816,420,4,13.52
7572393263,2019-12-13 15:03:15,2019-12-13 14:57:00,Virginia Beach,Virginia,757,No Subject Provided,Y,757,239,4,14.95
2762446726,2019-12-13 15:03:18,2019-12-06 16:26:00,Wytheville,Virginia,276,No Subject Provided,Y,276,244,4,16.43
5405886830,2019-12-13 15:03:46,2019-12-13 01:20:00,Henrico,Virginia,540,"Reducing your debt (credit cards, mortgage, student loans)",Y,540,588,4,1.33
2762591006,2019-12-13 15:05:17,2019-12-06 12:30:00,Wytheville,Virginia,276,No Subject Provided,Y,276,259,4,12.50
4254176205,2019-12-13 15:06:54,2019-10-01 14:58:00,Fairfax,Virginia,703,"Calls pretending to be government, businesses, or family and friends",Y,425,417,1,14.97
4432035652,2019-12-13 15:07:10,2019-12-13 15:02:00,,Virginia,443,Medical  & prescriptions,Y,443,203,4,15.03
8007305132,2019-12-13 15:09:13,2019-12-13 14:00:00,,Virginia,757,"Calls pretending to be government, businesses, or family and friends",Y,800,730,4,14.00
2762446726,2019-12-13 15:10:13,2019-12-05 12:37:00,Wytheville,Virginia,276,No Subject Provided,Y,276,244,3,12.62
7038277481,2019-12-13 15:10:54,2019-12-13 14:48:00,Falls Church,Virginia,703,"Reducing your debt (credit cards, mortgage, student loans)",Y,703,827,4,14.80
8007151153,2019-12-13 15:11:00,2019-12-13 15:01:00,Glen Allen,Virginia,800,Other,Y,800,715,4,15.02
8001087374,2019-12-13 15:12:11,2019-12-13 14:45:00,,Virginia,757,"Calls pretending to be government, businesses, or family and friends",Y,800,108,4,14.75
2053091883,2019-12-13 15:12:22,2019-12-13 11:07:00,Falls Church,Virginia,703,No Subject Provided,Y,205,309,4,11.12
2762446726,2019-12-13 15:12:32,2019-12-12 09:19:00,Wytheville,Virginia,276,No Subject Provided,Y,276,244,3,9.32
8009631769,2019-12-13 15:13:57,2019-12-13 00:09:00,,Virginia,804,"Calls pretending to be government, businesses, or family and friends",Y,800,963,4,0.15
7579853405,2019-12-13 15:14:02,2019-12-05 11:56:00,Wytheville,Virginia,276,No Subject Provided,Y,757,985,3,11.93
8775927000,2019-12-13 15:14:27,2019-12-13 15:01:00,Mechanicsville,Virginia,804,"Calls pretending to be government, businesses, or family and friends",N,877,592,4,15.02
2766866498,2019-12-13 15:15:15,2019-12-05 12:57:00,Wytheville,Virginia,276,No Subject Provided,Y,276,686,3,12.95
2762003297,2019-12-13 15:16:22,2019-12-12 14:28:00,Wytheville,Virginia,276,No Subject Provided,Y,276,200,3,14.47
8003359539,2019-12-13 15:17:42,2019-12-11 17:56:00,Wytheville,Virginia,276,No Subject Provided,Y,800,335,2,17.93
8000409319,2019-12-13 15:18:41,2019-12-01 14:02:00,,Virginia,804,"Calls pretending to be government, businesses, or family and friends",Y,800,040,6,14.03
7161185314,2019-12-13 15:19:25,2019-12-13 12:24:00,Alexandria,Virginia,703,No Subject Provided,Y,716,118,4,12.40
8623689199,2019-12-13 15:19:46,2019-12-10 13:58:00,Wytheville,Virginia,276,No Subject Provided,Y,862,368,1,13.97
2762093076,2019-12-13 15:20:52,2019-12-11 15:01:00,Wytheville,Virginia,276,No Subject Provided,Y,276,209,2,15.02
8004452369,2019-12-13 15:21:53,2019-12-11 14:30:00,Wytheville,Virginia,276,No Subject Provided,Y,800,445,2,14.50
2762096479,2019-12-13 15:22:45,2019-12-12 09:51:00,Wytheville,Virginia,276,No Subject Provided,Y,276,209,3,9.85
7572673584,2019-12-13 15:23:21,2019-08-09 14:30:00,Richmond,Virginia,804,"Reducing your debt (credit cards, mortgage, student loans)",Y,757,267,4,14.50
2762993628,2019-12-13 15:23:48,2019-12-12 20:40:00,Wytheville,Virginia,276,No Subject Provided,Y,276,299,3,20.67
2762096479,2019-12-13 15:24:48,2019-12-12 12:56:00,Wytheville,Virginia,276,No Subject Provided,Y,276,209,3,12.93
8007320895,2019-12-13 15:26:00,2019-12-13 14:50:00,Glen Allen,Virginia,800,"Calls pretending to be government, businesses, or family and friends",Y,800,732,4,14.83
8445147063,2019-12-13 15:26:21,2019-12-13 14:38:00,Charlottesville,Virginia,434,Warranties  & protection plans,Y,844,514,4,14.63
8002180519,2019-12-13 15:26:36,2019-12-13 15:15:00,Nokesville,Virginia,800,Other,Y,800,218,4,15.25
8042592357,2019-12-13 15:36:14,2019-12-13 15:34:00,,Virginia,804,No Subject Provided,Y,804,259,4,15.57
8186517868,2019-12-13 15:38:56,2019-12-13 15:00:00,Williamsburg,Virginia,757,"Calls pretending to be government, businesses, or family and friends",Y,818,651,4,15.00
2763838407,2019-12-13 15:44:25,2019-12-13 15:33:00,,Virginia,540,Dropped call or no message,N,276,383,4,15.55
2023350795,2019-12-13 15:44:38,2019-12-13 14:10:00,Vienna,Virginia,301,Other,Y,202,335,4,14.17
5403236938,2019-12-13 15:48:42,2019-12-13 13:01:00,Front Royal,Virginia,540,No Subject Provided,Y,540,323,4,13.02
5402735411,2019-12-13 15:50:01,2019-12-13 11:23:00,Front Royal,Virginia,540,No Subject Provided,Y,540,273,4,11.38
4342254750,2019-12-13 15:50:21,2019-12-12 17:39:00,Charlottesville,Virginia,434,No Subject Provided,Y,434,225,3,17.65
5402735411,2019-12-13 15:50:58,2019-12-13 11:22:00,Front Royal,Virginia,540,No Subject Provided,Y,540,273,4,11.37
5406314212,2019-12-13 15:51:38,2019-12-12 00:00:00,Front Royal,Virginia,540,No Subject Provided,Y,540,631,3,0.00
7577547794,2019-12-13 15:52:52,2019-12-13 15:47:00,,Virginia,757,No Subject Provided,N,757,754,4,15.78
5406313676,2019-12-13 15:52:26,2019-12-12 12:09:00,Front Royal,Virginia,540,No Subject Provided,Y,540,631,3,12.15
5409371798,2019-12-13 15:53:24,2019-12-10 12:48:00,Front Royal,Virginia,540,No Subject Provided,Y,540,937,1,12.80
8042408117,2019-12-13 15:53:52,2019-12-13 03:49:00,NORTH CHESTERFIELD,Virginia,804,No Subject Provided,Y,804,240,4,3.82
8042408117,2019-12-13 15:53:52,2019-12-13 03:49:00,NORTH CHESTERFIELD,Virginia,804,No Subject Provided,Y,804,240,4,3.82
7572154930,2019-12-13 15:54:44,2019-12-13 15:51:00,NORFOLK,Virginia,757,No Subject Provided,N,757,215,4,15.85
4344064262,2019-12-13 15:54:59,2019-12-11 11:56:00,Charlottesville,Virginia,434,No Subject Provided,Y,434,406,2,11.93
8662028745,2019-12-13 15:55:23,2019-12-13 00:00:00,NORTH CHESTERFIELD,Virginia,804,No Subject Provided,Y,866,202,4,0.00
2764775216,2019-12-13 15:56:11,2019-12-11 14:38:00,Charlottesville,Virginia,434,No Subject Provided,Y,276,477,2,14.63
8004724235,2019-12-13 15:56:25,2019-12-13 12:44:00,,Virginia,804,Dropped call or no message,N,800,472,4,12.73
5163874004,2019-12-13 15:57:41,2019-12-11 14:50:00,Charlottesville,Virginia,434,No Subject Provided,Y,516,387,2,14.83
7578515815,2019-12-13 15:58:16,2019-12-13 11:48:00,Hampton,Virginia,757,Home security  & alarms,Y,757,851,4,11.80
8773037218,2019-12-13 15:59:27,2019-12-11 17:12:00,Charlottesville,Virginia,434,No Subject Provided,Y,877,303,2,17.20
8882598462,2019-12-13 15:59:32,2019-12-13 08:19:00,Ashland,Virginia,804,"Calls pretending to be government, businesses, or family and friends",Y,888,259,4,8.32
2117760338,2019-12-13 16:02:33,2019-12-13 15:56:00,,Virginia,703,"Calls pretending to be government, businesses, or family and friends",Y,211,776,4,15.93
8052567753,2019-12-13 16:04:14,2019-12-13 15:48:00,,Virginia,540,No Subject Provided,N,805,256,4,15.80
5712771821,2019-12-13 16:07:20,2019-12-13 15:56:00,Alexandria,Virginia,571,No Subject Provided,Y,571,277,4,15.93
7039368633,2019-12-13 16:13:20,2019-12-13 16:05:00,Fairfax,Virginia,703,No Subject Provided,Y,703,936,4,16.08
5406761620,2019-12-13 16:14:34,2019-12-13 16:00:00,Vinton,Virginia,540,"Calls pretending to be government, businesses, or family and friends",N,540,676,4,16.00
8765703018,2019-12-13 16:15:27,2019-12-13 16:05:00,Richmond,Virginia,804,No Subject Provided,N,876,570,4,16.08
8042586849,2019-12-13 16:15:46,2019-12-13 14:23:00,,Virginia,804,No Subject Provided,N,804,258,4,14.38
7322438004,2019-12-13 16:17:55,2019-12-13 16:02:00,Chesapeake,Virginia,757,No Subject Provided,N,732,243,4,16.03
5303276939,2019-12-13 16:20:08,2019-12-11 16:44:00,Charlottesville,Virginia,434,No Subject Provided,Y,530,327,2,16.73
8775027000,2019-12-13 16:21:28,2019-12-13 16:17:00,Mechanicaville,Virginia,804,Dropped call or no message,N,877,502,4,16.28
4432340722,2019-12-13 16:21:59,2019-12-13 14:19:00,Richmond,Virginia,706,"Calls pretending to be government, businesses, or family and friends",Y,443,234,4,14.32
7572773074,2019-12-13 16:22:13,2019-12-13 15:27:00,,Virginia,757,No Subject Provided,Y,757,277,4,15.45
4345090079,2019-12-13 16:22:31,2019-12-11 18:30:00,Charlottesville,Virginia,434,No Subject Provided,Y,434,509,2,18.50
6785878928,2019-12-13 16:25:33,2019-12-12 12:14:00,Charlottesville,Virginia,434,No Subject Provided,Y,678,587,3,12.23
7037506121,2019-12-13 16:26:35,2019-12-13 16:04:00,Falls Church,Virginia,703,Dropped call or no message,Y,703,750,4,16.07
2029086440,2019-12-13 16:27:17,2019-12-13 15:54:00,Falls Church,Virginia,703,Dropped call or no message,Y,202,908,4,15.90
2124425148,2019-12-13 16:27:52,2019-12-13 16:00:00,Alexandria,Virginia,703,"Calls pretending to be government, businesses, or family and friends",Y,212,442,4,16.00
4342471059,2019-12-13 16:28:48,2019-12-13 14:59:00,Charlottesville,Virginia,434,No Subject Provided,Y,434,247,4,14.98
5402771950,2019-12-13 16:29:45,2019-12-13 16:27:00,Front Royal,Virginia,540,No Subject Provided,Y,540,277,4,16.45
8885183664,2019-12-13 16:31:28,2019-12-13 16:24:00,,Virginia,804,"Calls pretending to be government, businesses, or family and friends",Y,888,518,4,16.40
4349233364,2019-12-13 16:34:39,2019-12-13 14:49:00,Charlottesville,Virginia,434,No Subject Provided,Y,434,923,4,14.82
5403235626,2019-12-13 16:35:30,2019-12-13 11:18:00,,Virginia,540,Warranties  & protection plans,Y,540,323,4,11.30
7039368548,2019-12-13 16:35:42,2019-12-13 15:56:00,Leesburg,Virginia,703,Home improvement  & cleaning,N,703,936,4,15.93
2038732223,2019-12-13 16:36:12,2019-12-13 12:12:00,Charlottesville,Virginia,434,No Subject Provided,Y,203,873,4,12.20
5403251597,2019-12-13 16:36:22,2019-12-13 16:28:00,,Virginia,540,Warranties  & protection plans,Y,540,325,4,16.47
7039368548,2019-12-13 16:37:32,2019-12-10 12:56:00,Leesburg,Virginia,703,Home improvement  & cleaning,N,703,936,1,12.93
1202301465,2019-12-13 16:37:55,2019-12-13 16:19:00,Alexandria,Virginia,401,"Calls pretending to be government, businesses, or family and friends",N,120,230,4,16.32
4342455750,2019-12-13 16:39:22,2019-12-12 15:56:00,Charlottesville,Virginia,434,No Subject Provided,Y,434,245,3,15.93
2765246227,2019-12-13 16:40:54,2019-12-13 16:03:00,Henrico,Virginia,804,Warranties  & protection plans,Y,276,524,4,16.05
8009452000,2019-12-13 16:42:58,2019-12-13 16:24:00,Fairfax,Virginia,703,"Reducing your debt (credit cards, mortgage, student loans)",Y,800,945,4,16.40
7575694929,2019-12-13 16:49:53,2019-12-12 14:53:00,Newport News,Virginia,757,"Reducing your debt (credit cards, mortgage, student loans)",N,757,569,3,14.88
7575300020,2019-12-13 16:52:05,2019-12-12 15:04:00,Newport News,Virginia,757,"Reducing your debt (credit cards, mortgage, student loans)",N,757,530,3,15.07
7039368548,2019-12-13 16:54:20,2019-12-12 14:29:00,,Virginia,703,No Subject Provided,N,703,936,3,14.48
7575641551,2019-12-13 16:54:08,2019-12-13 16:43:00,Newport News,Virginia,757,"Reducing your debt (credit cards, mortgage, student loans)",Y,757,564,4,16.72
8004713288,2019-12-13 16:54:10,2019-12-13 16:50:00,,Virginia,540,Dropped call or no message,Y,800,471,4,16.83
2765246227,2019-12-13 16:56:00,2019-12-13 16:54:00,Alexandria,Virginia,703,Warranties  & protection plans,Y,276,524,4,16.90
7036278826,2019-12-13 16:59:40,2019-12-13 04:54:00,Ashburn,Virginia,703,No Subject Provided,N,703,627,4,4.90
5406358521,2019-12-13 17:00:41,2019-12-13 16:46:00,winchester,Virginia,540,"Reducing your debt (credit cards, mortgage, student loans)",Y,540,635,4,16.77
8764014845,2019-12-13 17:06:03,2019-12-13 15:10:00,ford,Virginia,804,"Lotteries, prizes  & sweepstakes",N,876,401,4,15.17
5053739204,2019-12-13 17:06:55,2019-12-13 14:11:00,Luray,Virginia,703,No Subject Provided,Y,505,373,4,14.18
2124860471,2019-12-13 17:08:07,2019-12-13 14:42:00,Luray,Virginia,703,No Subject Provided,Y,212,486,4,14.70
8039803103,2019-12-13 17:09:20,2019-12-13 14:42:00,Luray,Virginia,703,No Subject Provided,Y,803,980,4,14.70
8039803103,2019-12-13 17:10:34,2019-12-13 15:15:00,Luray,Virginia,703,No Subject Provided,Y,803,980,4,15.25
7579090024,2019-12-13 17:11:23,2019-12-13 17:04:00,Powhatan,Virginia,804,"Calls pretending to be government, businesses, or family and friends",Y,757,909,4,17.07
2027335678,2019-12-13 17:12:00,2019-12-13 15:36:00,Luray,Virginia,703,No Subject Provided,Y,202,733,4,15.60
7034230558,2019-12-13 17:13:15,2019-12-13 03:50:00,Luray,Virginia,703,No Subject Provided,Y,703,423,4,3.83
7574467566,2019-12-13 17:14:56,2019-12-13 14:45:00,,Virginia,804,No Subject Provided,N,757,446,4,14.75
2027335678,2019-12-13 17:14:22,2019-12-13 03:51:00,Luray,Virginia,703,No Subject Provided,Y,202,733,4,3.85
5053739312,2019-12-13 17:15:31,2019-12-13 16:39:00,Luray,Virginia,703,No Subject Provided,Y,505,373,4,16.65
8048849943,2019-12-13 17:16:32,2019-12-13 13:46:00,,Virginia,804,No Subject Provided,N,804,884,4,13.77
3345570729,2019-12-13 17:18:09,2019-12-13 12:48:00,,Virginia,804,No Subject Provided,N,334,557,4,12.80
5402699109,2019-12-13 17:31:53,2019-12-13 10:49:00,Fairfax,Virginia,703,No Subject Provided,Y,540,269,4,10.82
8006792137,2019-12-13 17:32:34,2019-12-13 17:25:00,North Chesterfield,Virginia,804,"Calls pretending to be government, businesses, or family and friends",Y,800,679,4,17.42
7035997829,2019-12-13 17:33:50,2019-12-13 14:49:00,ashburn,Virginia,703,"Calls pretending to be government, businesses, or family and friends",Y,703,599,4,14.82
5402690440,2019-12-13 17:34:25,2019-12-13 17:27:00,,Virginia,540,No Subject Provided,Y,540,269,4,17.45
5405854095,2019-12-13 17:36:16,2019-12-13 14:25:00,,Virginia,540,No Subject Provided,Y,540,585,4,14.42
5403464404,2019-12-13 17:40:03,2019-12-13 09:35:00,,Virginia,540,No Subject Provided,Y,540,346,4,9.58
5404524973,2019-12-13 17:41:13,2019-12-12 11:35:00,,Virginia,540,No Subject Provided,Y,540,452,3,11.58
5408890485,2019-12-13 17:42:28,2019-12-06 18:28:00,,Virginia,540,No Subject Provided,Y,540,889,4,18.47
6173538761,2019-12-13 17:43:20,2019-12-13 17:38:00,Springfield,Virginia,703,No Subject Provided,N,617,353,4,17.63
5405345270,2019-12-13 17:43:38,2019-12-06 14:08:00,,Virginia,540,No Subject Provided,Y,540,534,4,14.13
5403406690,2019-12-13 17:45:10,2019-12-06 09:27:00,,Virginia,540,No Subject Provided,Y,540,340,4,9.45
5402084508,2019-12-13 17:47:32,2019-12-13 17:46:00,,Virginia,540,"Reducing your debt (credit cards, mortgage, student loans)",N,540,208,4,17.77
7039686494,2019-12-13 17:55:17,2019-12-13 17:54:00,,Virginia,703,Dropped call or no message,N,703,968,4,17.90
5135721349,2019-12-13 17:55:56,2019-12-13 03:08:00,,Virginia,703,Dropped call or no message,N,513,572,4,3.13
7035306262,2019-12-13 17:56:00,2019-12-13 17:48:00,Leesburg,Virginia,703,"Reducing your debt (credit cards, mortgage, student loans)",Y,703,530,4,17.80
7039667417,2019-12-13 17:56:33,2019-12-13 02:24:00,,Virginia,703,Dropped call or no message,N,703,966,4,2.40
7034288082,2019-12-13 17:59:20,2019-12-13 17:55:00,,Virginia,703,No Subject Provided,Y,703,428,4,17.92
8044587577,2019-12-13 18:00:01,2019-12-13 05:44:00,Hopewell,Virginia,804,Other,Y,804,458,4,5.73
8042407306,2019-12-13 18:01:53,2019-12-13 17:55:00,Richmond,Virginia,804,Warranties  & protection plans,Y,804,240,4,17.92
9722174132,2019-12-13 18:04:30,2019-12-13 10:08:00,Hopewell,Virginia,804,Other,Y,972,217,4,10.13
8007383963,2019-12-13 18:06:10,2019-12-13 17:58:00,,Virginia,540,Dropped call or no message,Y,800,738,4,17.97
2762403814,2019-12-13 18:17:21,2019-12-13 18:03:00,Gainesville,Virginia,703,No Subject Provided,Y,276,240,4,18.05
4104231801,2019-12-13 18:29:39,2019-12-13 17:44:00,Hopewell,Virginia,804,Computer  & technical support,Y,410,423,4,17.73
8046146945,2019-12-13 18:44:39,2019-12-13 18:35:00,,Virginia,804,Home improvement  & cleaning,N,804,614,4,18.58
8049772404,2019-12-13 18:52:29,2019-12-13 03:55:00,,Virginia,804,Other,N,804,977,4,3.92
8776095704,2019-12-13 18:55:52,2019-12-13 17:23:00,,Virginia,757,No Subject Provided,N,877,609,4,17.38
8553353482,2019-12-13 19:06:30,2019-12-13 09:30:00,,Virginia,540,Other,Y,855,335,4,9.50
8042297252,2019-12-13 19:08:38,2019-12-13 19:00:00,Richmond,Virginia,804,Vacation  & timeshares,N,804,229,4,19.00
6083716666,2019-12-13 19:40:33,2019-12-13 18:49:00,Alexandria,Virginia,703,No Subject Provided,N,608,371,4,18.82
8047456825,2019-12-13 19:41:59,2019-12-13 19:20:00,Richmond,Virginia,804,No Subject Provided,Y,804,745,4,19.33
8047450650,2019-12-13 19:44:58,2019-12-13 18:34:00,Richmond,Virginia,804,No Subject Provided,Y,804,745,4,18.57
9862000924,2019-12-13 20:03:18,2019-12-13 10:29:00,Arlington,Virginia,703,Other,Y,986,200,4,10.48
7578508266,2019-12-13 20:09:29,2019-12-13 20:03:00,Hampton,Virginia,757,Vacation  & timeshares,N,757,850,4,20.05
8046377391,2019-12-13 20:10:37,2019-12-13 19:30:00,Midlothian,Virginia,804,No Subject Provided,N,804,637,4,19.50
8042293706,2019-12-13 20:21:49,2019-12-13 20:13:00,Williamsburg,Virginia,804,Vacation  & timeshares,N,804,229,4,20.22
8888153857,2019-12-13 20:21:59,2019-12-13 05:54:00,,Virginia,757,"Calls pretending to be government, businesses, or family and friends",Y,888,815,4,5.90
8005363862,2019-12-13 20:53:31,2019-12-13 14:28:00,Carrollton,Virginia,757,Dropped call or no message,Y,800,536,4,14.47
8007234888,2019-12-13 20:54:32,2019-12-13 16:59:00,Carrollton,Virginia,757,Dropped call or no message,Y,800,723,4,16.98
9197416440,2019-12-13 20:58:34,2019-12-13 08:37:00,CHESTERFIELD,Virginia,804,No Subject Provided,Y,919,741,4,8.62
9544295750,2019-12-13 21:16:50,2019-12-06 20:45:00,,Virginia,571,Computer  & technical support,Y,954,429,4,20.75
7574798158,2019-12-13 21:43:46,2019-12-13 16:29:00,YORKTOWN,Virginia,757,No Subject Provided,N,757,479,4,16.48
7578991611,2019-12-13 21:45:29,2019-12-11 10:42:00,YORKTOWN,Virginia,757,No Subject Provided,N,757,899,2,10.70
7579851544,2019-12-13 21:47:02,2019-12-10 09:56:00,YORKTOWN,Virginia,757,Dropped call or no message,N,757,985,1,9.93
5402917484,2019-12-13 21:47:54,2019-12-12 16:58:00,King George,Virginia,540,No Subject Provided,N,540,291,3,16.97
8048063561,2019-12-13 21:49:00,2019-12-09 13:14:00,YORKTOWN,Virginia,757,No Subject Provided,N,804,806,0,13.23
8592923796,2019-12-13 21:49:15,2019-12-12 19:51:00,King George,Virginia,540,No Subject Provided,N,859,292,3,19.85
8049999115,2019-12-13 21:49:37,2019-12-13 19:27:00,Mechanicsville,Virginia,804,Medical  & prescriptions,Y,804,999,4,19.45
8592923796,2019-12-13 21:50:33,2019-12-13 19:48:00,King George,Virginia,540,No Subject Provided,N,859,292,4,19.80
7578664093,2019-12-13 21:50:54,2019-12-06 14:20:00,YORKTOWN,Virginia,757,Dropped call or no message,N,757,866,4,14.33
4352719298,2019-12-13 21:52:19,2019-12-05 18:02:00,YORKTOWN,Virginia,757,Dropped call or no message,N,435,271,3,18.03
9729451486,2019-12-13 21:53:56,2019-12-03 19:10:00,YORKTOWN,Virginia,757,No Subject Provided,Y,972,945,1,19.17
5712981467,2019-12-13 21:55:49,2019-12-03 15:40:00,YORKTOWN,Virginia,757,No Subject Provided,Y,571,298,1,15.67
8146949093,2019-12-13 21:57:13,2019-12-02 12:09:00,YORKTOWN,Virginia,757,No Subject Provided,Y,814,694,0,12.15
7578189713,2019-12-13 21:58:46,2019-11-30 12:46:00,YORKTOWN,Virginia,757,No Subject Provided,Y,757,818,5,12.77
2816286968,2019-12-13 22:00:27,2019-12-13 18:16:00,Newport News,Virginia,757,"Calls pretending to be government, businesses, or family and friends",Y,281,628,4,18.27
7578189713,2019-12-13 22:00:30,2019-11-27 17:28:00,YORKTOWN,Virginia,757,No Subject Provided,Y,757,818,2,17.47
5712981467,2019-12-13 22:01:55,2019-11-26 17:53:00,YORKTOWN,Virginia,757,No Subject Provided,Y,571,298,1,17.88
6262680988,2019-12-13 22:03:34,2019-11-26 15:40:00,YORKTOWN,Virginia,757,No Subject Provided,Y,626,268,1,15.67
7578189713,2019-12-13 22:04:51,2019-11-25 15:21:00,YORKTOWN,Virginia,757,No Subject Provided,Y,757,818,0,15.35
9492842363,2019-12-13 22:06:34,2019-11-22 18:21:00,YORKTOWN,Virginia,757,No Subject Provided,Y,949,284,4,18.35
8663109624,2019-12-13 22:08:14,2019-11-22 10:02:00,YORKTOWN,Virginia,757,No Subject Provided,Y,866,310,4,10.03
6124284650,2019-12-13 22:09:40,2019-11-21 18:04:00,YORKTOWN,Virginia,757,No Subject Provided,Y,612,428,3,18.07
2765246626,2019-12-13 22:11:16,2019-11-21 12:59:00,YORKTOWN,Virginia,757,No Subject Provided,Y,276,524,3,12.98
3392202303,2019-12-13 22:12:39,2019-11-20 17:33:00,YORKTOWN,Virginia,757,No Subject Provided,Y,339,220,2,17.55
3852436801,2019-12-13 22:14:12,2019-11-19 17:07:00,YORKTOWN,Virginia,757,No Subject Provided,Y,385,243,1,17.12
7578901771,2019-12-13 22:16:02,2019-11-19 11:22:00,YORKTOWN,Virginia,757,No Subject Provided,Y,757,890,1,11.37
8007346218,2019-12-13 22:17:05,2019-12-13 15:38:00,Newport News,Virginia,757,Computer  & technical support,Y,800,734,4,15.63
4302558074,2019-12-13 22:17:43,2019-11-18 15:07:00,YORKTOWN,Virginia,757,No Subject Provided,Y,430,255,0,15.12
7577417001,2019-12-13 22:19:21,2019-11-01 17:58:00,YORKTOWN,Virginia,757,No Subject Provided,Y,757,741,4,17.97
8007346218,2019-12-13 22:21:56,2019-12-13 15:38:00,Newport News,Virginia,757,"Calls pretending to be government, businesses, or family and friends",Y,800,734,4,15.63
2768214318,2019-12-13 22:22:14,2019-12-12 13:46:00,RICHMOND,Virginia,804,No Subject Provided,N,276,821,3,13.77
5183751519,2019-12-13 22:24:07,2019-12-13 12:50:00,RICHMOND,Virginia,804,No Subject Provided,N,518,375,4,12.83
8044591008,2019-12-13 22:25:22,2019-12-13 12:24:00,RICHMOND,Virginia,804,No Subject Provided,N,804,459,4,12.40
8042251801,2019-12-13 22:27:01,2019-12-13 18:18:00,RICHMOND,Virginia,804,No Subject Provided,N,804,225,4,18.30
8046487511,2019-12-13 22:28:44,2019-12-13 18:06:00,RICHMOND,Virginia,804,No Subject Provided,N,804,648,4,18.10
8046481283,2019-12-13 22:29:52,2019-12-13 00:00:00,RICHMOND,Virginia,804,No Subject Provided,N,804,648,4,0.00
8046487511,2019-12-13 22:30:45,2019-12-13 18:06:00,RICHMOND,Virginia,804,No Subject Provided,N,804,648,4,18.10
5403277290,2019-12-13 23:02:15,2019-12-08 14:26:00,Stephens city,Virginia,540,No Subject Provided,Y,540,327,6,14.43
8045718258,2019-12-13 23:05:47,2019-12-09 19:24:00,Stephens city,Virginia,540,No Subject Provided,Y,804,571,0,19.40
2763246419,2019-12-13 23:07:16,2019-12-09 19:24:00,Stephens city,Virginia,540,No Subject Provided,Y,276,324,0,19.40
5402461779,2019-12-13 23:09:10,2019-12-13 12:08:00,Stephens city,Virginia,540,No Subject Provided,Y,540,246,4,12.13
5402461779,2019-12-13 23:09:15,2019-12-13 12:08:00,Stephens city,Virginia,540,No Subject Provided,Y,540,246,4,12.13
5402461779,2019-12-13 23:09:58,2019-12-13 12:08:00,Stephens city,Virginia,540,No Subject Provided,Y,540,246,4,12.13
6038222543,2019-12-13 23:30:21,2019-12-13 19:18:00,,Virginia,757,No Subject Provided,N,603,822,4,19.30
7039368633,2019-12-13 23:41:28,2019-12-13 14:58:00,Arlington,Virginia,703,"Calls pretending to be government, businesses, or family and friends",N,703,936,4,14.97
5402771853,2019-12-13 15:57:24,2019-12-13 15:57:24,,Virginia,540,No Subject Provided,N,540,277,4,15.95
3345570729,2019-12-13 17:20:30,2019-12-13 11:48:00,,Virginia,804,No Subject Provided,N,334,557,4,11.80
5407099613,2019-12-13 17:38:30,2019-12-13 10:54:00,,Virginia,540,No Subject Provided,Y,540,709,4,10.90
8047835467,2019-12-14 06:25:33,2019-12-13 18:35:00,,Virginia,804,Dropped call or no message,N,804,783,4,18.58
4692457805,2019-12-14 06:26:40,2019-12-13 19:48:00,,Virginia,804,Dropped call or no message,N,469,245,4,19.80
5053739312,2019-12-14 07:22:50,2019-12-13 16:39:00,Luray,Virginia,703,No Subject Provided,Y,505,373,4,16.65
7575200680,2019-12-14 07:52:48,2019-12-13 15:20:00,Petersburg,Virginia,804,No Subject Provided,Y,757,520,4,15.33
5404058864,2019-12-14 07:54:09,2019-12-13 19:33:00,Petersburg,Virginia,804,No Subject Provided,Y,540,405,4,19.55
8881233445,2019-12-14 08:22:42,2019-12-14 08:17:00,,Virginia,540,No Subject Provided,N,888,123,5,8.28
4106489049,2019-12-14 09:02:07,2019-12-14 08:24:00,Toano,Virginia,757,"Calls pretending to be government, businesses, or family and friends",Y,410,648,5,8.40
4343621349,2019-12-14 09:30:18,2019-12-13 20:05:00,Leesburg,Virginia,703,Warranties  & protection plans,Y,434,362,4,20.08
5735687028,2019-12-14 09:36:23,2019-12-13 16:06:00,Leesburg,Virginia,703,Warranties  & protection plans,Y,573,568,4,16.10
8042518204,2019-12-14 09:39:32,2019-12-12 19:51:00,Leesburg,Virginia,703,Warranties  & protection plans,Y,804,251,3,19.85
5714861280,2019-12-14 09:44:59,2019-12-14 09:00:00,,Virginia,571,Home improvement  & cleaning,N,571,486,5,9.00
8881233445,2019-12-14 09:58:58,2019-12-14 00:00:00,Dry Fork,Virginia,434,Dropped call or no message,N,888,123,5,0.00
2028862879,2019-12-14 09:59:32,2019-12-14 09:23:00,Falls Church,Virginia,703,Dropped call or no message,Y,202,886,5,9.38
9855453255,2019-12-14 10:00:16,2019-12-13 19:01:00,Falls Church,Virginia,703,Dropped call or no message,Y,985,545,4,19.02
8006222262,2019-12-14 10:00:54,2019-12-13 15:23:00,Dry Fork,Virginia,434,No Subject Provided,N,800,622,4,15.38
8445863948,2019-12-14 10:01:03,2019-12-13 16:41:00,Falls Church,Virginia,703,Dropped call or no message,Y,844,586,4,16.68
8881233445,2019-12-14 10:01:04,2019-12-14 09:53:00,,Virginia,540,No Subject Provided,Y,888,123,5,9.88
8043128356,2019-12-14 10:23:13,2019-12-14 00:00:00,,Virginia,434,"Calls pretending to be government, businesses, or family and friends",Y,804,312,5,0.00
8043128356,2019-12-14 10:24:25,2019-12-14 03:04:00,,Virginia,434,No Subject Provided,Y,804,312,5,3.07
5407913849,2019-12-14 10:45:55,2019-12-14 10:23:00,,Virginia,540,Dropped call or no message,Y,540,791,5,10.38
8008588597,2019-12-14 10:56:43,2019-12-14 10:42:00,Springfield,Virginia,703,No Subject Provided,N,800,858,5,10.70
4106489049,2019-12-14 11:01:50,2019-12-14 09:28:00,Williamsburg,Virginia,757,"Calls pretending to be government, businesses, or family and friends",Y,410,648,5,9.47
6614763044,2019-12-14 11:03:59,2019-12-13 19:39:00,,Virginia,804,No Subject Provided,N,661,476,4,19.65
8044355698,2019-12-14 11:05:27,2019-12-13 13:11:00,,Virginia,804,No Subject Provided,N,804,435,4,13.18
7572906199,2019-12-14 11:05:49,2019-12-14 10:37:00,,Virginia,757,No Subject Provided,Y,757,290,5,10.62
7579090024,2019-12-14 11:07:28,2019-12-13 18:29:00,,Virginia,804,No Subject Provided,N,757,909,4,18.48
2029181217,2019-12-14 11:07:59,2019-12-14 10:58:00,Springfield,Virginia,703,Other,N,202,918,5,10.97
7208288146,2019-12-14 11:08:48,2019-12-13 10:25:00,,Virginia,804,No Subject Provided,N,720,828,4,10.42
3151489617,2019-12-14 11:10:03,2019-12-12 18:43:00,,Virginia,804,No Subject Provided,N,315,148,3,18.72
3151909642,2019-12-14 11:11:12,2019-12-12 16:23:00,,Virginia,804,No Subject Provided,N,315,190,3,16.38
4784198001,2019-12-14 11:17:00,2019-12-14 10:59:00,,Virginia,540,Dropped call or no message,Y,478,419,5,10.98
8001564355,2019-12-14 11:22:54,2019-12-14 10:44:00,Reston,Virginia,703,"Calls pretending to be government, businesses, or family and friends",Y,800,156,5,10.73
4342635922,2019-12-14 11:28:41,2019-12-14 11:11:00,SHIPMAN,Virginia,434,Other,Y,434,263,5,11.18
5715493365,2019-12-14 11:37:56,2019-12-14 11:17:00,Falls Church,Virginia,703,Dropped call or no message,Y,571,549,5,11.28
3613260069,2019-12-14 11:40:45,2019-12-14 11:13:00,,Virginia,804,Computer  & technical support,Y,361,326,5,11.22
7372439845,2019-12-14 11:47:15,2019-12-14 11:45:00,,Virginia,804,No Subject Provided,Y,737,243,5,11.75
7039368604,2019-12-14 12:01:00,2019-12-13 18:04:00,Luray,Virginia,703,No Subject Provided,Y,703,936,4,18.07
4172918704,2019-12-14 12:02:14,2019-12-14 08:49:00,Luray,Virginia,703,No Subject Provided,Y,417,291,5,8.82
2024935882,2019-12-14 12:02:32,2019-12-14 11:54:00,WOODBRIDGE,Virginia,703,No Subject Provided,Y,202,493,5,11.90
4172918704,2019-12-14 12:03:10,2019-12-14 09:21:00,Luray,Virginia,703,No Subject Provided,Y,417,291,5,9.35
2024935882,2019-12-14 12:03:38,2019-12-14 11:54:00,WOODBRIDGE,Virginia,703,No Subject Provided,Y,202,493,5,11.90
7032238950,2019-12-14 12:21:21,2019-12-14 12:13:00,,Virginia,703,No Subject Provided,N,703,223,5,12.22
8662634167,2019-12-14 12:21:53,2019-12-14 12:16:00,POWHATAN,Virginia,804,"Calls pretending to be government, businesses, or family and friends",Y,866,263,5,12.27
7575298412,2019-12-14 12:23:24,2019-12-14 11:59:00,,Virginia,757,No Subject Provided,N,757,529,5,11.98
8164204632,2019-12-14 12:24:30,2019-12-14 12:20:00,,Virginia,757,No Subject Provided,N,816,420,5,12.33
7372439845,2019-12-14 12:37:54,2019-12-14 12:31:00,Fishersville,Virginia,540,"Calls pretending to be government, businesses, or family and friends",Y,737,243,5,12.52
3526230712,2019-12-14 12:41:38,2019-12-13 12:19:00,Virginia Beach,Virginia,757,"Calls pretending to be government, businesses, or family and friends",Y,352,623,4,12.32
7022218826,2019-12-14 13:14:04,2019-12-14 13:10:00,,Virginia,276,Computer  & technical support,Y,702,221,5,13.17
7372439845,2019-12-14 13:20:02,2019-12-14 12:31:00,,Virginia,804,"Calls pretending to be government, businesses, or family and friends",Y,737,243,5,12.52
3235915243,2019-12-14 13:32:52,2019-12-14 13:09:00,,Virginia,571,Other,Y,323,591,5,13.15
2392326203,2019-12-14 13:54:38,2019-12-14 10:45:00,Virginia Beach,Virginia,757,Other,Y,239,232,5,10.75
7022218826,2019-12-14 14:19:40,2019-12-14 14:08:00,Wytheville,Virginia,276,Computer  & technical support,Y,702,221,5,14.13
4158591879,2019-12-14 14:22:10,2019-12-14 12:01:00,,Virginia,571,Dropped call or no message,N,415,859,5,12.02
4692845641,2019-12-14 14:50:34,2019-12-14 12:03:00,Gloucester,Virginia,804,Dropped call or no message,Y,469,284,5,12.05
8884225654,2019-12-14 14:51:37,2019-12-14 14:43:00,NORFOLK,Virginia,757,No Subject Provided,Y,888,422,5,14.72
4074741414,2019-12-14 14:57:18,2019-12-14 14:52:00,,Virginia,703,No Subject Provided,N,407,474,5,14.87
3017503003,2019-12-14 15:08:49,2019-12-03 10:59:00,Centreville,Virginia,202,Medical  & prescriptions,Y,301,750,1,10.98
8772499544,2019-12-14 15:23:17,2019-12-14 11:04:00,Fairfax,Virginia,703,Dropped call or no message,N,877,249,5,11.07
8557692928,2019-12-14 15:25:42,2019-12-13 13:41:00,,Virginia,703,Dropped call or no message,Y,855,769,4,13.68
8045062966,2019-12-14 15:37:20,2019-12-14 15:20:00,Glen Allen,Virginia,804,Other,N,804,506,5,15.33
3104243209,2019-12-14 15:43:36,2019-12-13 16:08:00,Alexandria,Virginia,831,"Reducing your debt (credit cards, mortgage, student loans)",Y,310,424,4,16.13
7182855165,2019-12-14 15:45:22,2019-12-14 15:37:00,Alexandria,Virginia,831,No Subject Provided,Y,718,285,5,15.62
2092252057,2019-12-14 15:46:46,2019-12-12 20:38:00,Alexandria,Virginia,831,"Reducing your debt (credit cards, mortgage, student loans)",Y,209,225,3,20.63
7577660758,2019-12-14 15:46:47,2019-12-13 15:18:00,,Virginia,703,No Subject Provided,Y,757,766,4,15.30
2673657929,2019-12-14 15:48:25,2019-12-06 20:09:00,Petersburg,Virginia,267,Medical  & prescriptions,Y,267,365,4,20.15
2028915678,2019-12-14 15:56:21,2019-12-14 15:00:00,Weyers Cave,Virginia,540,Other,N,202,891,5,15.00
9542514606,2019-12-14 16:00:53,2019-12-14 10:14:00,Alexandria,Virginia,202,Other,Y,954,251,5,10.23
7877838524,2019-12-14 16:03:54,2019-11-18 11:30:00,Richmond,Virginia,804,Medical  & prescriptions,Y,787,783,0,11.50
7877838524,2019-12-14 16:04:01,2019-11-18 11:30:00,Richmond,Virginia,804,Medical  & prescriptions,Y,787,783,0,11.50
5129602388,2019-12-14 16:07:36,2019-12-09 16:23:00,Leesburg,Virginia,703,"Calls pretending to be government, businesses, or family and friends",Y,512,960,0,16.38
3521982370,2019-12-14 16:15:07,2019-12-13 12:36:00,,Virginia,540,No Subject Provided,Y,352,198,4,12.60
8881039496,2019-12-14 16:16:46,2019-12-13 13:26:00,Norfolk,Virginia,757,"Calls pretending to be government, businesses, or family and friends",Y,888,103,4,13.43
7577248636,2019-12-14 16:17:48,2019-12-04 15:53:00,Norfolk,Virginia,757,Warranties  & protection plans,Y,757,724,2,15.88
3521213781,2019-12-14 16:18:20,2019-12-13 13:01:00,,Virginia,540,No Subject Provided,Y,352,121,4,13.02
7575537015,2019-12-14 16:19:02,2019-12-03 10:19:00,Norfolk,Virginia,757,"Reducing your debt (credit cards, mortgage, student loans)",Y,757,553,1,10.32
7472690695,2019-12-14 16:22:27,2019-10-01 13:10:00,Norfolk,Virginia,757,"Reducing your debt (credit cards, mortgage, student loans)",Y,747,269,1,13.17
2027562600,2019-12-14 16:28:45,2019-12-14 14:50:00,Falls Church,Virginia,703,Dropped call or no message,Y,202,756,5,14.83
8004374652,2019-12-14 16:28:57,2019-12-14 16:25:00,Springfield,Virginia,703,No Subject Provided,N,800,437,5,16.42
7575293553,2019-12-14 16:36:14,2019-12-12 11:20:00,HAMPTON,Virginia,757,Medical  & prescriptions,N,757,529,3,11.33
7573848639,2019-12-14 16:39:02,2019-12-12 12:15:00,HAMPTON,Virginia,757,Vacation  & timeshares,N,757,384,3,12.25
8881233445,2019-12-14 16:47:40,2019-12-14 08:16:00,Vienna,Virginia,703,Dropped call or no message,Y,888,123,5,8.27
8001649345,2019-12-14 18:23:15,2019-12-14 17:16:00,arlington,Virginia,703,"Reducing your debt (credit cards, mortgage, student loans)",N,800,164,5,17.27
8006319829,2019-12-14 18:46:59,2019-12-14 10:13:00,RICHMOND,Virginia,804,No Subject Provided,N,800,631,5,10.22
5712171010,2019-12-14 18:48:55,2019-12-14 18:46:00,,Virginia,571,Home improvement  & cleaning,Y,571,217,5,18.77
8556277884,2019-12-14 19:17:22,2019-12-14 19:00:00,,Virginia,703,Other,Y,855,627,5,19.00
8885312828,2019-12-14 19:24:25,2019-12-14 19:02:00,,Virginia,703,Dropped call or no message,N,888,531,5,19.03
7037884800,2019-12-14 19:25:20,2019-12-13 11:42:00,,Virginia,703,"Calls pretending to be government, businesses, or family and friends",N,703,788,4,11.70
8552947208,2019-12-14 19:41:48,2019-12-14 13:07:00,,Virginia,703,Dropped call or no message,N,855,294,5,13.12
8046056896,2019-12-14 19:50:03,2019-12-14 10:41:00,Church Road,Virginia,804,No Subject Provided,Y,804,605,5,10.68
7574042855,2019-12-14 20:11:05,2019-11-19 18:22:00,Norfolk,Virginia,757,Warranties  & protection plans,Y,757,404,1,18.37
7574044594,2019-12-14 20:12:45,2019-11-25 17:48:00,Norfolk,Virginia,757,Warranties  & protection plans,Y,757,404,0,17.80
7574042019,2019-12-14 20:14:28,2019-12-10 12:39:00,Norfolk,Virginia,757,Warranties  & protection plans,Y,757,404,1,12.65
8552189301,2019-12-14 20:17:38,2019-12-05 09:35:00,Norfolk,Virginia,757,"Calls pretending to be government, businesses, or family and friends",Y,855,218,3,9.58
8007426828,2019-12-14 20:21:47,2019-12-07 11:57:00,Norfolk,Virginia,757,"Calls pretending to be government, businesses, or family and friends",Y,800,742,5,11.95
8044625448,2019-12-14 20:28:00,2019-12-13 16:09:00,Henrico,Virginia,804,Home security  & alarms,N,804,462,4,16.15
8044625448,2019-12-14 20:30:55,2019-12-14 17:22:00,Henrico,Virginia,804,Dropped call or no message,N,804,462,5,17.37
6613160054,2019-12-14 20:34:11,2019-12-14 17:22:00,,Virginia,804,Dropped call or no message,N,661,316,5,17.37
8044515069,2019-12-14 20:36:11,2019-12-14 14:53:00,,Virginia,804,Dropped call or no message,N,804,451,5,14.88
6613160054,2019-12-14 20:37:20,2019-12-14 17:22:00,,Virginia,804,Dropped call or no message,N,661,316,5,17.37
7038282526,2019-12-14 21:29:46,2019-12-14 13:21:00,,Virginia,703,Warranties  & protection plans,Y,703,828,5,13.35
5303276939,2019-12-14 21:59:20,2019-12-13 17:05:00,Charlottesville,Virginia,434,No Subject Provided,Y,530,327,4,17.08
8553517759,2019-12-14 22:23:21,2019-12-12 10:00:00,Staunton,Virginia,540,Medical  & prescriptions,Y,855,351,3,10.00
2126135365,2019-12-15 01:26:33,2019-12-14 03:14:00,MANASSAS,Virginia,703,No Subject Provided,Y,212,613,5,3.23
2127921983,2019-12-15 06:48:31,2019-12-14 18:24:00,Luray,Virginia,703,No Subject Provided,Y,212,792,5,18.40
8942219731,2019-12-15 06:50:24,2019-12-14 15:31:00,Luray,Virginia,703,No Subject Provided,Y,894,221,5,15.52
8042219731,2019-12-15 06:51:31,2019-12-14 15:21:00,Luray,Virginia,703,No Subject Provided,Y,804,221,5,15.35
2622926582,2019-12-15 07:52:44,2019-12-10 17:39:00,Suffolk,Virginia,757,Medical  & prescriptions,Y,262,292,1,17.65
3304335039,2019-12-15 08:24:51,2019-12-14 08:27:00,,Virginia,540,No Subject Provided,N,330,433,5,8.45
8002927508,2019-12-15 08:25:52,2019-12-15 08:19:00,,Virginia,540,No Subject Provided,N,800,292,6,8.32
7273696977,2019-12-15 08:50:38,2019-12-13 14:38:00,Reston,Virginia,703,No Subject Provided,Y,727,369,4,14.63
9044900158,2019-12-15 08:55:26,2019-12-12 18:06:00,Reston,Virginia,269,Other,Y,904,490,3,18.10
9044900158,2019-12-15 09:00:02,2019-12-12 11:16:00,Reston,Virginia,714,Other,Y,904,490,3,11.27
9044900158,2019-12-15 09:05:38,2019-12-05 04:07:00,Reston,Virginia,551,No Subject Provided,Y,904,490,3,4.12
3159057424,2019-12-15 09:47:19,2019-12-13 12:32:00,HENRICO,Virginia,804,"Calls pretending to be government, businesses, or family and friends",Y,315,905,4,12.53
5404462420,2019-12-15 10:36:57,2019-12-15 10:23:00,Pounding mill,Virginia,276,Vacation  & timeshares,N,540,446,6,10.38
5404462420,2019-12-15 10:40:16,2019-12-15 10:23:00,Pounding mill,Virginia,276,Vacation  & timeshares,N,540,446,6,10.38
7071162570,2019-12-15 10:43:59,2019-12-13 15:20:00,Richmond,Virginia,757,"Calls pretending to be government, businesses, or family and friends",Y,707,116,4,15.33
8164204632,2019-12-15 10:44:52,2019-12-14 16:09:00,,Virginia,757,No Subject Provided,N,816,420,5,16.15
8164204632,2019-12-15 10:45:35,2019-12-14 16:10:00,,Virginia,757,No Subject Provided,N,816,420,5,16.17
8006927753,2019-12-15 11:13:19,2019-12-15 10:54:00,Lorton,Virginia,443,"Calls pretending to be government, businesses, or family and friends",Y,800,692,6,10.90
2623442278,2019-12-15 11:15:48,2019-11-20 00:00:00,Hampton,Virginia,757,"Lotteries, prizes  & sweepstakes",Y,262,344,2,0.00
2053091883,2019-12-15 11:26:12,2019-12-15 09:17:00,Falls Church,Virginia,703,No Subject Provided,Y,205,309,6,9.28
7323946322,2019-12-15 11:41:25,2019-12-14 16:20:00,Falls Church,Virginia,703,No Subject Provided,Y,732,394,5,16.33
8046512223,2019-12-15 12:23:17,2019-12-15 12:05:00,GLEN ALLEN,Virginia,804,No Subject Provided,Y,804,651,6,12.08
3237413129,2019-12-15 12:29:23,2019-12-13 17:49:00,,Virginia,703,No Subject Provided,Y,323,741,4,17.82
7032606185,2019-12-15 12:33:31,2019-12-13 13:50:00,,Virginia,703,Dropped call or no message,N,703,260,4,13.83
7039368015,2019-12-15 12:55:28,2019-12-15 12:47:00,Alexandria,Virginia,703,Dropped call or no message,N,703,936,6,12.78
4346612307,2019-12-15 13:52:59,2019-12-15 13:42:00,Alexandria,Virginia,703,Dropped call or no message,N,434,661,6,13.70
9722807286,2019-12-15 14:10:05,2019-10-26 20:48:00,Stafford,Virginia,540,Other,Y,972,280,5,20.80
6179968876,2019-12-15 14:23:47,2019-12-11 13:47:00,Arlington,Virginia,703,Medical  & prescriptions,Y,617,996,2,13.78
8668511737,2019-12-15 15:11:14,2019-12-14 15:03:00,,Virginia,703,No Subject Provided,N,866,851,5,15.05
8002563692,2019-12-15 16:21:25,2019-12-13 15:26:00,,Virginia,678,"Calls pretending to be government, businesses, or family and friends",Y,800,256,4,15.43
7039368016,2019-12-15 16:24:34,2019-12-15 15:48:00,,Virginia,703,Charities,Y,703,936,6,15.80
8069289936,2019-12-15 16:43:04,2019-12-15 12:48:00,,Virginia,804,Dropped call or no message,N,806,928,6,12.80
8043484510,2019-12-15 16:43:51,2019-12-15 16:31:00,,Virginia,804,Dropped call or no message,N,804,348,6,16.52
9179796519,2019-12-15 16:45:46,2019-12-15 09:00:00,Vienna,Virginia,202,Other,Y,917,979,6,9.00
4344604029,2019-12-15 17:41:35,2019-12-15 17:40:00,Charlottesville,Virginia,434,No Subject Provided,N,434,460,6,17.67
8602616195,2019-12-15 17:46:06,2019-11-29 15:00:00,,Virginia,804,Vacation  & timeshares,Y,860,261,4,15.00
7576390353,2019-12-15 17:57:33,2019-12-11 14:36:00,,Virginia,757,"Calls pretending to be government, businesses, or family and friends",Y,757,639,2,14.60
8776095704,2019-12-15 18:29:08,2019-12-15 13:10:00,,Virginia,757,No Subject Provided,N,877,609,6,13.17
8164204632,2019-12-15 18:29:56,2019-12-15 16:56:00,,Virginia,757,No Subject Provided,N,816,420,6,16.93
7575205108,2019-12-15 18:39:44,2019-12-15 18:39:00,va,Virginia,703,"Reducing your debt (credit cards, mortgage, student loans)",Y,757,520,6,18.65
3146904103,2019-12-15 18:41:00,2019-12-14 03:44:00,Roanoke,Virginia,540,No Subject Provided,Y,314,690,5,3.73
8044515069,2019-12-15 19:14:54,2019-12-15 18:46:00,,Virginia,804,No Subject Provided,Y,804,451,6,18.77
4342025837,2019-12-15 20:33:30,2019-12-15 00:00:00,Richmond,Virginia,804,Medical  & prescriptions,Y,434,202,6,0.00
8062523425,2019-12-15 21:04:07,2019-12-15 20:07:00,,Virginia,804,Dropped call or no message,N,806,252,6,20.12
8049399219,2019-12-15 22:14:44,2019-12-15 22:07:00,Richmond,Virginia,804,Other,N,804,939,6,22.12
7575221014,2019-12-15 23:40:09,2019-12-15 23:24:00,Fairfax,Virginia,703,Medical  & prescriptions,Y,757,522,6,23.40
